static const char kernel_config_data[] __used = MAGIC_START
	"\x1f\x8b\x08\x00\x00\x00\x00\x00\x02\x03\x8c\x3c\x4d\x73\xdb\x38"
	"\xb2\xf7\xfd\x15\xaa\xcc\xbb\x4e\x62\xd9\x8a\xed\xd4\x2b\x1f\x40"
	"\x12\x94\xb0\x22\x09\x1a\x00\x25\xdb\x17\x94\xc6\x56\x32\xae\x71"
	"\xec\xac\x2c\xcf\x6c\xfe\xfd\x76\x03\xa4\x04\x90\x00\x9d\x39\x64"
	"\x4c\x74\xa3\xf1\xd5\xe8\x6f\xe8\xb7\x7f\xfd\x36\x21\x6f\xfb\x97"
	"\xef\x9b\xfd\xe3\xfd\xe6\xe9\xe9\xe7\xe4\xdb\xf6\x79\xbb\xdb\xec"
	"\xb7\x0f\x93\xaf\x8f\x4f\xdb\xff\x9f\x64\x7c\x52\x71\x35\xa1\x19"
	"\x53\x1f\x01\xb9\x78\x7c\x7e\xfb\xef\xa7\xcd\xee\xfb\xf9\x6c\x32"
	"\xfb\x38\x9d\x7d\x3c\xfb\x7c\xf1\xfb\xdf\x27\x4f\x7f\x9d\x3d\xff"
	"\x2e\xcb\xcb\xe9\xe7\x13\xcd\xeb\x0b\xb9\xdd\x3d\x6e\x7f\x2f\xb8"
	"\xd4\xa7\x67\x1f\x4f\x27\xcb\xed\xee\x79\xfb\x34\x49\x5f\x9e\xbf"
	"\x3e\x7e\x7b\x03\xea\x8f\x2f\xcf\xff\xfa\xed\x5f\x29\xaf\x72\x36"
	"\xd7\x44\x94\xe7\xb3\xab\x9f\xdd\xe7\xf9\x2c\x61\xea\xf8\x49\x44"
	"\xba\xd0\xf5\xe2\x56\x6a\x92\x65\x42\xab\x3e\xbc\x2c\x1b\x17\x19"
	"\x48\xe9\x9a\xcc\xa9\x96\x0b\x96\xab\xab\xe9\xa9\x0f\x82\x0f\xd5"
	"\x82\x66\xde\x08\x65\x49\x6a\x2d\xaa\x4c\x03\x71\xa9\x4b\x56\x5d"
	"\x4d\x2f\xc7\x10\xc8\xcd\xd5\x69\x84\x42\xca\xcb\x9a\x28\x87\xd0"
	"\xf4\x17\xf0\x80\xde\xf4\xbc\xc3\x93\x8a\xa4\x4b\x25\x48\x0a\xcb"
	"\x68\xea\x9a\x0b\x67\xbd\xac\x28\xe8\x9c\x14\xba\xe6\xac\x52\x54"
	"\xe8\x15\x29\x1a\x7a\x75\xf2\xdf\x87\xed\xe6\xe1\xc4\xf9\xaf\xc3"
	"\x2f\x78\xba\xcc\x68\x3d\x24\x64\xe9\x33\x71\x9d\x17\x64\x2e\x87"
	"\x70\xb1\x96\xb4\xd4\x37\xe9\x62\x0e\x1b\xaf\x49\x31\xe7\x82\xa9"
	"\x45\x79\x44\x98\xd3\x8a\x0a\x96\xea\xa4\x99\x07\x1b\xb5\xa0\x05"
	"\x51\x6c\x45\xbb\xb9\xca\x21\xda\x62\x4d\xd9\x7c\xa1\x86\x80\x54"
	"\x36\x81\xa1\x52\x52\xb0\x44\x10\x45\x75\x06\xb4\x6f\x8f\x08\x77"
	"\xbc\x82\xb6\x92\x1c\x5b\x16\x04\x06\xee\xfa\xcd\x9b\xba\xc7\x51"
	"\x80\x1b\x61\xa8\x8a\xd2\xcc\x80\xf1\x9c\xe0\x24\x14\xed\xc1\xe4"
	"\xdc\x80\x0b\x5a\xcd\xd5\xe2\x08\x93\xa5\x33\x86\x5c\x33\xae\x8a"
	"\xc4\x39\x36\x0e\x8c\xaa\x17\xb4\xa8\xa9\x38\xb6\x2e\xa9\xa8\x68"
	"\xa1\x4b\x9e\x51\xa0\xcd\xab\x23\x24\x67\x37\x9a\x12\x51\xdc\xc2"
	"\xb7\x2e\xa9\xb3\x17\xf5\x5c\x91\xa4\xa0\x30\xfe\x8a\x16\xf2\xea"
	"\xcc\x5b\x56\x7b\x8a\x52\x37\xb5\xe0\x09\x95\xfd\x7b\x24\x78\xaa"
	"\x97\x29\x17\x54\x2b\x7a\x83\x8b\xfe\x6d\xd2\xc2\xaf\x15\xd3\xf3"
	"\x55\x39\x79\x7c\x9d\x3c\xbf\xec\x27\xaf\xdb\x7d\xd7\x33\xa3\x79"
	"\xc7\x4b\x4c\xaa\xab\x0f\x9f\x9e\x1e\xff\xf8\xf4\xfd\xe5\xe1\xed"
	"\x69\xfb\xfa\xe9\xff\x9a\x8a\x94\x14\x8f\x9a\x12\x49\x3f\x7d\xbc"
	"\x37\x77\xfc\xc3\x91\xae\xe2\xbc\x38\x70\x17\xe2\x89\xc0\x10\xc0"
	"\x85\x7a\xcd\xc5\xf2\x38\xdd\xa4\x61\x45\xa6\x18\x90\x86\x79\x9a"
	"\xf5\x4a\x9f\x7b\x17\x82\x92\x4c\xb3\x2a\xe7\xf0\x8f\x56\x44\x62"
	"\x67\x10\x2a\xbf\x4d\xe6\x46\x82\x3d\x21\xfd\xb7\x1f\x47\x31\xc3"
	"\x2a\xa6\x34\xad\x56\xb0\x13\xb8\x92\x12\xce\xfc\xec\x20\x1d\x52"
	"\xc1\xa5\x34\x37\x92\x15\xf4\xea\x83\x33\xff\xb6\x0d\xf6\x4b\xaa"
	"\xc0\xcc\xe1\x7a\x91\x62\x05\xbc\xcd\xe0\xf4\xdc\x7e\x2e\x40\x93"
	"\x46\xf1\xf0\xce\x92\xa6\x50\x7a\xc1\xa5\xc2\x6d\xbc\xfa\xf0\xd7"
	"\xe6\xe9\xf1\xc3\x91\x89\x88\xcb\x52\xb7\x72\xc5\xea\x74\xd0\x80"
	"\xff\x4f\x55\xe1\x9e\x65\xcd\x25\xb0\x4f\x79\xdd\xd0\x86\x06\x86"
	"\xb5\x8b\x05\xa6\xe2\xe2\x56\x13\x05\xc2\x66\xe1\xf6\x6e\x24\x85"
	"\x5b\x16\xe8\x47\x9a\xcc\xbd\x28\xe6\x86\x19\xb6\x32\x00\x9c\x06"
	"\x29\xbc\x79\xb8\xed\x2e\x3d\x73\x4c\x70\xe6\x93\xd7\xb7\x3f\x5e"
	"\x7f\xbe\xee\xb7\xdf\x8f\xc7\xd4\x5d\x59\x64\x09\xc3\xc3\x43\x29"
	"\x80\x20\xb9\xe0\xeb\x38\xc4\x5e\x8e\x30\x9c\xe6\x39\x4d\x8d\x58"
	"\x22\x79\x0e\x97\x5c\x2e\xc3\x78\x25\x9b\x83\xa4\x61\xee\xa5\x5c"
	"\x10\x91\x01\x08\xd8\x79\x0d\x9c\x2c\x69\x95\x39\x17\x1c\xba\x64"
	"\xbc\x24\xac\x0a\xb5\xe9\x05\xa3\x02\xf7\xea\x76\x38\x58\x29\x19"
	"\x62\x46\x01\x03\xb2\x0b\x52\x65\xc0\x91\x2d\x65\xaf\x2b\xa2\xe7"
	"\x5c\xa4\x20\xa6\xec\x0d\x61\x95\x23\x9c\x65\x4d\x84\xa4\x7e\x0f"
	"\x73\x80\x29\x6a\x09\xc9\x1b\xe8\xa8\x33\xa2\xc8\x70\x2e\xe6\x2a"
	"\xae\x8e\x67\xdc\x17\xcc\x48\x00\xf6\xbc\x52\x7d\x91\xb3\x20\x12"
	"\x3a\xa7\x4b\x9d\x08\x4e\xb2\x94\x48\x35\xda\xdb\x43\x33\x7c\xa2"
	"\x1e\xbf\x6f\x77\xaf\x21\x56\x31\x64\x41\xf0\xc3\x89\xbb\xf2\x9b"
	"\xeb\xc5\x1d\x5e\xdb\xd2\x1c\xdd\x81\x19\xa1\x11\x64\x2f\xe3\x19"
	"\x4b\x03\xbc\x6d\x7b\x31\xd8\x57\xb7\x8f\x6d\xcd\x1b\x9f\x7d\x5d"
	"\xa0\x73\x2a\xa0\xc8\x90\x2b\xcc\x56\x19\x5d\x67\xa6\x9f\xd6\xcd"
	"\x27\xb5\x79\xfd\x6b\xb2\x87\x75\x4c\x36\xcf\x0f\x93\xd7\xfd\x66"
	"\xff\x3a\xd9\xdc\xdf\xbf\xbc\x3d\xef\x1f\x9f\xbf\xf5\x16\x04\x1d"
	"\x34\x49\x53\xde\x54\xca\x1e\xde\x61\x36\x2b\x06\x12\xd4\x07\xe3"
	"\x16\x46\xe4\xa9\x39\x31\x8f\x50\xc7\x05\xe9\x02\xd8\x63\x4d\x0a"
	"\x4f\xfe\x27\x32\x33\xea\x81\x82\x68\x80\x5e\x21\x59\x87\x42\x16"
	"\x15\xa2\x74\xfb\x61\xa3\xd5\xc6\x63\xdd\xf4\x0d\x02\x1d\xf1\x8d"
	"\x6d\x8c\x07\xe7\x57\x4b\xe6\x09\x33\xb8\x05\x9d\xa0\xcc\x98\x44"
	"\x5d\x90\x0d\x84\x89\x48\x9b\x89\x1c\x72\x48\x2d\x28\x2d\x6b\x50"
	"\x3b\xa9\x63\x24\xc2\x07\x28\x15\xe0\x05\x67\x3e\xd2\xc3\x50\xd0"
	"\xad\xdf\x84\x6b\xd7\x81\x26\x6b\x46\x0d\x06\x80\x7d\x2a\x8a\x23"
	"\x17\x3a\x10\x6b\x43\xd0\x79\x9a\x18\x75\xea\xc1\x72\x52\xf1\x46"
	"\x5d\x9d\xcf\x86\x8d\x20\xd2\x48\xee\xd8\x88\x16\x22\xd5\x81\x0d"
	"\x0f\x1b\x86\x90\x84\xf3\xa0\xba\x32\x13\xe0\x69\x82\x6c\xd4\x53"
	"\xb6\x60\x88\x56\xa7\x8e\x7a\x61\x4b\xfb\xc7\xb0\xc5\xf0\x89\xdb"
	"\xbc\x00\x41\xe3\x99\x77\x05\x47\xa2\x79\x67\x84\x5f\xb8\xea\xb4"
	"\x92\x1c\x84\x57\x5e\x34\x72\x01\x97\x17\x74\x9f\xaa\x8b\x66\x1e"
	"\x54\xad\x73\xc3\xed\x60\x1b\xfb\xc4\x0e\xb3\x00\xab\x72\xa9\x25"
	"\xc9\x69\x7f\xc0\xb3\xbe\x84\xb1\x3c\x6f\xe4\x4c\x77\x31\x73\xc2"
	"\xc4\x44\xde\xff\xb9\x05\x3b\x66\x37\xd9\xbf\x3d\x6f\xfe\x00\x83"
	"\xc6\xe1\x1d\x0a\x0c\xd7\x28\x56\x80\x08\x2b\xf2\x82\xc1\x28\x67"
	"\xa7\x1e\x63\x0e\x11\xa6\xe7\xee\x3a\xc6\x30\x2f\x43\xfa\xd5\xb3"
	"\xe0\xaa\x06\x8c\xcc\x84\x14\xa4\x4a\xbd\xeb\x91\xce\x05\x6f\x6a"
	"\x67\xb3\x8d\xbb\x63\xae\x91\x6b\x5a\x82\x7a\x4f\xe7\xbd\xcf\x9e"
	"\x45\x71\x6c\x03\xbb\xc8\xdc\x2b\x87\x25\x8a\x65\x3b\x92\xbb\xe4"
	"\x8c\xa2\x5d\x7f\x84\x85\x8c\x0b\x03\xd0\x6b\x70\x16\x68\x42\xd2"
	"\x65\x7f\xe2\xf6\x28\x1c\x43\x17\x8e\x41\xfb\x90\x23\x27\x2b\x17"
	"\x12\xdc\xda\x96\x68\xcd\x32\x39\x06\x17\x60\xb1\xc7\x27\x9b\xc3"
	"\x7d\xbf\x73\x37\x0f\xd8\x4e\x52\x57\x95\x19\xc3\x19\x06\x69\x21"
	"\xee\x24\x5b\x1a\x19\x5d\xb1\x94\xc6\xc7\x80\x8e\xad\x08\x1c\xcc"
	"\x9d\x8a\x3c\xde\x2f\xa9\xf3\xe0\x68\x49\xf0\xce\x48\x9e\x2e\x0f"
	"\x38\x9e\x22\x6f\x6f\x00\x9a\xfe\xd6\x5a\xec\xb4\x18\xd8\x9d\x60"
	"\x17\xa4\xae\xaf\xd0\x20\xfb\x39\xdf\x68\x65\x56\xb2\x67\x23\x0a"
	"\x68\x0a\x73\x3b\x6c\x93\x0f\x3a\x78\x4f\xaa\x47\xc6\x4e\x0a\xad"
	"\xe3\x18\x3b\x59\x0c\xd5\x54\x8e\x1d\xd8\x69\x03\x98\x84\xc6\xfb"
	"\x3d\x07\xd5\xb3\x26\xc2\xd3\xdc\x60\xa9\xe4\x12\x30\x41\x03\xa4"
	"\xe0\xc2\x85\x99\x07\x1d\xd4\xdb\xc0\xa0\xc8\xe0\x70\x9e\xc6\x65"
	"\x10\xae\x8d\x87\xdf\xa4\x04\xc2\xd6\x56\xf2\x0c\xfe\x23\xd0\x18"
	"\x60\x21\xe1\x9b\xe9\xf9\x1d\x73\x2e\x20\x34\x24\xd0\x70\xea\xb5"
	"\x14\x77\xc6\x8d\x3d\x4e\x32\xd3\x37\x77\xe1\xe9\x23\x32\x8f\x83"
	"\x66\x21\xae\x4a\x35\xaf\xc1\x34\x60\x77\x14\xe7\x69\x98\x8f\x8b"
	"\x12\x84\x8c\xb7\x7d\x7d\x34\x09\x7f\x84\x4e\xa7\x73\x3d\x5c\x97"
	"\xa0\x61\xd9\xf4\xdc\x73\x53\x00\x07\x34\x6e\x4a\x6b\x34\xa7\xad"
	"\xc6\x74\x24\x8d\x61\xf0\xf6\xa3\xaf\x97\x7b\xb4\x4a\x38\x76\x86"
	"\xbc\xe7\x1d\xf5\x9c\x2a\x34\xe3\x75\xc0\xd3\xf0\xb8\x21\xe0\xa1"
	"\xb4\x93\x0b\xf4\x3c\xa0\xe4\xd6\xdc\x0e\x50\xb5\x6e\xd6\xc1\xdc"
	"\xf3\xd4\x92\xab\x5c\x1d\x31\x4c\x8b\xdc\xdc\x41\x07\x0c\x6e\xb3"
	"\xb1\x30\x1d\x91\xd8\x80\x73\xde\xfb\x84\x5b\xe5\x50\xa9\xb9\x8b"
	"\x2f\xd9\xbc\x02\xbd\xe2\x30\xaa\x99\x93\xdb\x60\x8c\x6b\xb7\x41"
	"\x2e\xbc\xa0\x02\x61\xdc\xf9\xc8\x56\x0c\x26\xd5\x6e\x8a\x0c\x79"
	"\x7c\x78\x06\xe6\x12\xe6\x19\xc6\xb8\xb8\xaf\x78\x12\x22\x04\xf3"
	"\x0f\x09\xae\x71\xba\x34\x71\x20\xb4\x91\x15\x6c\x41\x60\x43\x97"
	"\x38\xdc\x6d\xe9\x8c\xd8\xb5\xe8\xde\xb9\x1d\xdb\x13\x30\x27\x60"
	"\x83\x90\x91\x41\xc4\x8e\x10\xb5\x3b\xdd\xc5\xa4\x3c\xd3\xb7\xce"
	"\x75\x21\x43\xa1\x0f\x84\x0c\x7c\x1e\xb3\x01\x6b\x02\x2b\xe9\x04"
	"\x11\xa2\xfd\xdb\x75\x8d\xdb\x06\x98\xf5\x9a\xdc\x4a\xed\x3b\x22"
	"\x08\x6c\x2a\x60\x93\xd5\x81\x00\xcf\xf3\xc8\xe8\x48\xe5\x80\x55"
	"\xf5\x45\xb0\x09\x1c\x65\x40\x89\x8a\x20\xef\x22\x05\x90\x80\x05"
	"\xb8\x54\x01\xfa\xce\x21\x3a\x9c\x52\x26\x34\xcb\x5c\x0d\x6d\x4e"
	"\x1d\xe5\x84\x3e\x38\x78\x47\x59\x9f\x4e\x4f\x66\x03\x6b\xbc\x8d"
	"\xf7\xd6\xdb\xdd\xd7\x97\xdd\xf7\xcd\xf3\xfd\x76\x42\xff\xde\x3e"
	"\x83\xd7\x43\xc0\xff\x49\xd1\xef\x01\x97\xce\x35\xb5\xc2\xc4\xb1"
	"\xd9\x68\x1a\x09\x9e\x37\x0d\xae\xd0\x5a\x24\x1d\xa6\x5e\x95\x70"
	"\x54\x3c\xe4\xe0\xad\x4a\x3b\x42\x67\x29\xf9\x7a\xa8\x68\x92\xa1"
	"\x4e\xf5\xc1\xad\xb5\x64\x24\x09\xaf\xc2\xc6\x46\x1b\xd1\x15\xcb"
	"\x08\x19\x12\x0a\xab\x20\x75\x7f\x32\x3c\x8c\x46\x70\x12\x62\x4e"
	"\x3b\x86\x70\x6e\x33\xc2\xd0\x8a\x41\x97\x42\x0b\x10\x58\xbc\x8c"
	"\x41\x31\x88\x01\x5a\xd3\x95\x05\xb8\x3c\xb4\xb4\x6b\x22\x14\x23"
	"\x85\x27\xbb\x15\x2d\x8d\x25\xa1\x81\xc7\x58\xce\xd2\x5e\x48\x04"
	"\x0c\xa3\x9c\x15\x9e\x81\x6a\xe4\xbb\xb9\xea\xde\x1e\x2f\x6d\x44"
	"\x32\xb0\xb2\x7f\x37\x65\xad\x61\x8e\xd4\x17\xcd\xe0\x69\x82\xe5"
	"\xbe\xa4\x70\x81\x24\xc8\xcd\x48\x00\xee\x18\xe8\x3c\x7a\xfa\xc8"
	"\xb0\x26\xaa\x0b\x17\x10\x64\x23\x9a\x18\x29\x3a\xb6\x81\xee\x06"
	"\x97\xe6\xb0\x30\x86\xcc\xd1\x54\x7e\x8f\xde\x2d\x58\xf6\xa3\xaa"
	"\xb6\x55\x50\x15\x04\x18\x49\x61\xb6\x63\xc1\xf9\xb2\x07\xc4\x18"
	"\x32\xa6\x23\xd8\xbc\xe1\x4d\x20\x34\x2e\x61\x53\x30\x1e\xd1\x06"
	"\x72\x02\x41\x2a\x04\xa2\x26\x80\xed\x51\x83\x00\x37\xc6\x5d\x40"
	"\x73\x2b\x96\xdf\x76\xd6\xca\x10\x01\x3a\xb6\x71\xc0\xde\xe4\x04"
	"\x9d\x83\x6c\xad\x32\x9b\x8a\x68\x37\x43\x13\x57\x09\x19\xbc\xb4"
	"\x08\x2d\x0b\xf0\xec\x6d\xea\xc1\x16\x6b\xb8\x1b\x94\x58\x3d\x10"
	"\x12\x30\x38\x6c\xa8\xdd\x0a\x01\x33\x95\xac\x71\xe3\xec\xc7\x6d"
	"\xf6\x98\xc8\x5b\x0a\xb8\xbc\x36\x82\x8c\x57\x20\x0a\x64\xd5\x0a"
	"\x8e\x3e\xf3\xc2\xfd\x96\x7a\xcb\x10\x52\x89\x26\x55\xc6\xdb\xea"
	"\x6f\x42\x59\x63\x9a\xc4\x86\x7c\x23\xb0\x8c\x37\x49\x41\x43\x4a"
	"\xa4\x15\x1a\x68\x63\xdb\xf0\x5c\x17\x4d\x0e\x2c\x52\xd2\x14\xd1"
	"\x35\x5c\x39\xcf\xd9\x8b\xb5\xdb\x24\x08\x18\x73\xe8\x62\x33\xdf"
	"\xf6\x76\x9a\x63\xf7\x02\x30\xcc\xa6\x03\x73\x2b\x9a\x2a\x57\xcb"
	"\x87\x40\xae\xf5\xe8\x03\x75\xc5\xab\xb0\xfc\x1e\xa2\x02\x0f\x34"
	"\x05\x11\x61\xdb\xb5\x87\x0b\x67\xc2\xfd\x18\x59\x11\x0c\xb4\xfb"
	"\x9e\x35\xe0\x00\xe3\x12\x57\x66\xf9\x08\x6a\xc1\x2a\x40\x72\xe2"
	"\x19\xd0\x03\x97\xd0\x1b\xc9\x52\x79\x77\x3c\xd0\x5e\x19\x5f\x63"
	"\xf2\xaa\xb0\x0b\x70\xec\x7d\x5e\xeb\x76\x39\x68\x1a\xf7\xc7\x18"
	"\xf4\x8c\x9e\x14\x08\x12\x7a\xa3\x8c\xb0\x59\x7a\xd2\xd8\x80\x23"
	"\x91\xc3\x1e\xd6\x68\xd4\xd0\x60\x94\x1c\x6f\x64\x93\x05\x9b\xcb"
	"\x2c\x22\xfe\x2a\x8c\x3b\xa3\x74\x5d\x34\x73\x1a\xb8\x3f\x56\x1c"
	"\x01\x0c\xd5\x77\x3d\xa0\x9d\xb5\xdb\x59\xd3\x14\x15\x90\x63\x69"
	"\xf2\xac\x29\xa8\xb4\x7e\x60\x91\x1b\xdb\x2e\x20\xe4\x0c\xc8\xa8"
	"\x44\x70\x62\x42\x43\x7b\xa9\xdd\x1e\x01\x1f\x76\xcc\x09\x07\x7a"
	"\x3b\xf9\xdc\x18\x11\x17\x65\x3a\xed\x69\xac\x6e\xc2\x8b\xe0\x45"
	"\x61\x92\x80\x2b\x61\x64\x70\xe8\x6a\x14\x98\x00\xc5\x78\x0b\x38"
	"\xc2\x99\x33\x3e\x2f\x32\xf4\x0f\x64\x03\xdb\x57\x65\x67\xce\x05"
	"\xb6\x53\x69\xe1\x24\x6d\xd5\xfa\xf1\x62\xd6\x18\x29\x74\x54\x63"
	"\x9e\x47\xe5\x84\x99\xf9\xaa\xcd\x97\xba\xec\xed\xb5\x1d\xd3\x42"
	"\x88\xce\x8d\x33\x48\x8a\x2e\x07\x2a\xd6\x37\xc1\x75\xc7\x90\x3b"
	"\x23\x28\x76\xfb\x8c\x7a\x53\xa0\x27\x95\xd3\xc9\x91\x98\x71\x50"
	"\xbf\xbb\x65\xb3\x60\xf7\x10\x48\x60\xba\xb4\xc1\x0d\x6b\x7c\x9f"
	"\xa5\x26\x15\x68\x6d\xb8\xe5\x07\x0c\x2a\x04\x17\x63\x0b\xc0\x74"
	"\xe9\x21\xad\x99\xf2\xd5\xef\x7f\x6c\x5e\xb7\x0f\x93\xbf\xac\x7d"
	"\xfd\x63\xf7\xf2\xf5\xf1\xc9\xcb\x20\x1c\x7a\x22\x76\x6b\x9c\x51"
	"\xed\xb9\x2f\x5e\x62\xdc\x1a\x21\x0b\x8a\xd7\xd3\x59\x02\xac\x0c"
	"\x9d\x4e\xd7\xa0\x31\xde\x93\x44\xf3\xfa\xea\xa4\x77\x01\xdd\x45"
	"\xb6\x3b\x62\x42\x20\x3a\xe2\x77\xb4\x38\x4d\x85\xf0\xfe\x75\x6e"
	"\xbb\x06\x80\xad\x5e\x0c\x0d\x27\x45\x7a\x48\xb5\x46\xdc\xf8\x0e"
	"\x93\xcd\xc7\xc0\x78\x2b\x44\xcf\x52\x3c\xa6\x3a\x04\x2b\x61\x62"
	"\x20\x6e\x32\xbd\x44\x97\x32\xba\x36\x69\x53\x08\x05\x58\x7d\xae"
	"\x61\x96\xb4\xf1\x67\x27\xcc\x24\x53\xc9\xe0\x98\xaf\x1b\xea\xe6"
	"\x02\xba\x00\x54\x22\x3d\xe5\xe6\x34\xf7\x32\xb4\x03\x14\x2c\xb8"
	"\x98\x0b\xa6\x6e\x47\xb1\xb0\x6c\x22\x1b\xc5\x00\xe3\x93\x2b\x85"
	"\x06\x7e\x14\x2d\x2d\x33\x80\x53\x6b\xbd\x88\x28\xda\x3a\x51\x51"
	"\x18\xee\x28\xaf\x49\x11\x89\xc5\x81\x36\xc6\x01\x68\x95\x8a\xdb"
	"\xda\xf7\x3f\x82\x60\x9d\x03\x17\xb4\xc1\x67\x73\x77\xea\xcd\x6e"
	"\xff\x88\x55\x47\x13\xf5\xf3\x87\x17\xe4\x47\x8f\xc7\x74\x21\xd9"
	"\x0a\x83\x60\x5e\xfc\x99\xa4\x5c\x54\x47\x9c\xb0\x7c\x62\x37\xef"
	"\x60\x70\x99\xbf\x47\xa3\x04\x09\xfc\x1e\x8e\x22\x82\xbd\x83\x53"
	"\x92\x34\x8c\xd1\xc1\x65\xc6\xe5\x11\xa3\x9f\xfe\xcb\x98\x5c\x1a"
	"\x0b\x3a\x4c\x9c\x55\xb0\x54\xd9\x24\xe3\x73\x90\x1c\x8c\x37\x26"
	"\xf5\xcd\xe5\xf9\x3b\xb3\x6d\x80\x1e\x86\x6d\xdf\x19\xb7\xc8\xca"
	"\x77\x08\xc9\xf9\x7b\x1b\x03\x7a\x42\xbc\x7b\x4e\xb2\x79\xef\xac"
	"\x97\x44\x94\x64\x74\x87\x69\xce\xc2\xfb\x8b\xc5\x1a\xe7\x97\xef"
	"\xd0\x77\x6e\x52\x74\x04\x23\x43\x5a\xed\xed\x5f\x83\xf2\x5a\xd7"
	"\x29\xeb\x58\x9e\x71\x93\xdc\xc2\x2a\x1d\x37\xd4\xc2\xb8\x8d\xa8"
	"\x57\x9c\xd7\x6e\x75\x92\x6d\xcd\xc0\xd1\xc4\x19\x0c\x21\x69\xee"
	"\xd4\x0c\xc0\x47\x9b\x98\x69\xc1\x7e\x8e\xa8\xcd\xd5\xb6\xb4\x46"
	"\xea\x5e\x2c\xd1\x41\x4f\x9c\xdb\x48\xaf\x6e\xcc\x0f\xf7\x5f\xff"
	"\x73\xa8\x95\x81\xc5\xc7\x17\xe1\x00\x97\xb7\x89\x1f\x98\xec\x00"
	"\x49\x7e\x1d\xd2\xc4\xb2\x9a\x3a\xd1\xe8\xaa\x15\x35\xb2\x66\x95"
	"\x51\x51\xae\x38\xf7\x8d\x7e\xa2\xc0\xde\x4c\xb5\x28\xd7\x6e\xf8"
	"\x1a\x23\xb9\xa6\x33\x48\x1c\xbe\xae\x5c\x5f\xcd\xd6\xdb\x45\x80"
	"\xe6\xd0\x23\xb0\x2e\x20\xab\x4d\xbd\x4f\x06\x84\x4c\x35\xc7\x11"
	"\x21\xd6\x6e\x47\xac\x05\xe6\xe1\xdb\xfc\x49\xe7\x1b\x2e\x99\x5e"
	"\xb0\x2c\xa3\x95\x9e\x83\x1d\x68\x5b\x65\x0f\x0e\xf2\x15\xf4\x1c"
	"\xc7\x52\xb5\x80\xf1\x54\xe1\x44\x41\x29\x17\xa4\xae\xd1\xdd\xc0"
	"\x62\x3b\x8c\x21\x98\x5c\x93\x13\xdc\x3e\xa4\xde\xac\xa0\x7e\xda"
	"\xec\x31\x66\x08\x67\xf0\xb4\xbd\x6f\xeb\x44\x7d\x5b\xd0\x9a\xaa"
	"\x32\x6e\x2c\xc2\x3d\xbe\x61\x71\x30\x29\x6a\x16\x71\x46\x6d\xf7"
	"\xac\x3c\x3f\x3f\x89\xc3\x93\xb4\x3c\xbd\x3c\xfb\x3c\x8a\x00\xde"
	"\xbc\xf0\xa3\x90\x3d\x14\xd8\x17\x56\x8d\xc0\x45\x5a\x4a\x95\xc4"
	"\x11\xe8\xcd\x6d\xc5\x47\xf6\xa0\x20\xb7\x60\x0f\xa5\xa4\x1e\x59"
	"\x68\x31\x9f\x2e\xe3\xd0\x05\x93\x23\x9b\x58\xd2\x8c\x11\x45\x97"
	"\x63\x18\x92\x8f\xac\xb0\x5c\xd1\xa4\x89\x99\xbe\xd7\xa9\x1b\xbe"
	"\xb4\xa7\x62\x6a\x8b\x07\x5e\x04\x1c\x96\x5c\x08\xb6\x1c\x3b\xcf"
	"\xf2\x1c\x7a\x8e\xf0\x83\xe2\x11\x93\xb1\x9d\x8b\x9c\x9d\x7c\x7e"
	"\x07\x7e\x36\xca\x4e\x25\x99\xd7\x6c\x64\x86\xa0\x9b\xaa\x25\x55"
	"\xa3\x34\x66\xa7\x5f\xd6\x71\x04\x41\x49\x31\x7a\x1a\xc0\x8d\xcb"
	"\x74\xc1\xea\x91\x31\x28\x01\x3b\x8f\x8e\x8d\x51\x51\x49\xc6\xee"
	"\x9d\xc2\x7a\xb9\x9b\xe9\xc8\x5e\xa3\x4d\x4a\x46\x28\xd4\x22\x1b"
	"\xe9\xbc\x68\xaa\x2c\x62\x60\xba\x08\xa7\x71\x0c\x10\xe0\x35\x56"
	"\xe2\xc5\x31\x56\xf4\x26\xee\x00\x58\x8c\xa6\x48\xc9\x08\x67\xdf"
	"\xa0\x6f\x15\x07\xdf\x8d\xb8\xb9\x77\xb7\xd5\x75\x59\x0f\xd2\x29"
	"\xc9\x1b\x96\xbf\xfd\xf8\xf1\xb2\xdb\x3b\x96\x6b\xea\xc4\x62\xe1"
	"\xa3\x2d\x07\x94\xc1\xc6\xce\xdf\xf3\x81\x81\x7c\x28\x34\x53\xd4"
	"\x5f\x49\x13\x72\x6e\xb0\x93\x89\x41\x04\x0b\xa7\x11\x5a\x4a\x36"
	"\x68\x08\xd6\x30\x22\xec\xba\x61\x62\xd9\x4b\x27\xb1\x91\x34\x0c"
	"\x42\x91\xd3\x41\x8d\xb5\x05\x2b\x83\xc2\x5a\x0f\x57\xaa\x26\x89"
	"\x02\x19\x5f\x45\x61\xa0\x12\xe3\x30\x22\x59\x98\x49\xdb\x4a\x26"
	"\xc4\x1a\x1c\x61\xb6\x7d\x7d\xfc\xf6\xbc\xde\xec\xb6\x13\x04\xa7"
	"\x2f\xf0\x87\x3c\x1c\xa9\xb7\xfd\x3a\x5b\xeb\xba\x20\x2a\x3a\x83"
	"\xa8\x64\x36\xbd\x51\x76\xc6\xa1\x4b\x26\x7c\xbd\x63\xb5\x2e\x4c"
	"\xe9\xcf\x97\xd7\xfd\xe4\xfe\xe5\x79\xbf\x7b\x79\xc2\x82\xa8\x87"
	"\xdd\xe3\xdf\x7e\x92\xce\x9c\x66\xd9\x3f\xde\xb2\x3d\x73\x7f\x8a"
	"\x5c\xaa\x8e\xe7\xa2\xeb\x88\x5f\x94\x03\x89\xf6\x46\xeb\x9a\x96"
	"\xbf\x86\x48\x53\x52\x06\x97\x47\x9f\x1f\x7e\xbc\x3c\x3e\xf7\x77"
	"\x1b\xf8\x28\x33\xd9\x88\x60\xa7\xd7\x7f\x1e\xf7\xf7\x7f\x86\x77"
	"\xc5\xe7\xb4\x35\x56\xfc\xab\x74\xa1\x68\x7c\xbd\x80\x84\x87\xd3"
	"\x62\xc6\x92\xa6\xf9\x76\xb3\x7f\xdb\x19\x1f\xd5\x34\x83\xcb\x31"
	"\xd9\xee\x76\x9b\xfd\x66\xf2\xcf\xcb\xee\xaf\xcd\xee\xe5\xed\xf9"
	"\xe1\x75\xf2\xf7\xe3\x66\xb2\xff\x73\x3b\xd9\x3c\xed\xa1\xdf\x66"
	"\x0f\xd3\x7a\x9d\x7c\xdd\x6d\xbe\x6f\x11\xab\xf7\xb8\x06\x03\x4d"
	"\x44\x35\xa5\xbe\x3c\x3d\x3f\x9b\x7e\xe9\xbf\x97\x39\x42\x2f\x46"
	"\xa1\xb3\x93\xf3\x38\x74\xfa\x65\x76\x71\x1a\x85\x9e\x9d\x9e\x5c"
	"\x7c\x8e\x42\x67\x9f\x2f\xcc\xb8\x8e\x34\xf4\xe1\x67\xb3\xe9\x97"
	"\xa0\xb1\xe0\xa2\x4d\x4f\x4e\x67\x17\xd3\xcb\xd8\x28\xd3\xe9\xe5"
	"\xe5\xe5\xc5\x59\x7c\x98\xe9\xe9\xe5\xf9\xe5\xc9\x45\x28\xba\x4a"
	"\x56\x0c\x10\x3a\xc4\xd3\xd3\x33\x77\x31\x7d\xe8\xd9\xf4\xf3\x2c"
	"\x0e\xbd\x98\x7d\x3e\x8f\x42\xcf\x4e\xa6\x53\x87\xb2\x61\x97\x9c"
	"\x14\x4b\x2e\x9c\x55\x9e\x9c\xf5\x97\x88\x4f\x27\x08\xf8\x63\x15"
	"\x18\xf9\xb4\x06\x45\xae\x55\x91\xb0\x77\xe9\x7c\xe9\x61\x5c\x67"
	"\x39\x9c\xf1\xc9\x01\xe5\xe4\xe4\xfc\x9d\xc9\xd0\xe9\xc9\x6c\xda"
	"\x9f\xcd\x6c\x69\x92\x64\x72\xb8\xd3\xd3\xf3\x16\x14\x51\x81\x88"
	"\x73\x3e\x0b\xe0\x78\x18\x2b\x62\xdf\x4c\x9d\x05\x58\xa6\x83\xcd"
	"\x2e\xdf\xeb\x7e\x75\xf6\xc5\x0f\x76\x27\xe8\xbe\x57\x60\xd6\x56"
	"\xd1\x32\xb4\x32\x1d\x16\xaf\xc9\x32\x14\x82\xae\x84\xa9\x14\xbc"
	"\x3a\xe6\x0b\x5a\xe5\xe0\xd5\xdd\x5a\x53\xde\x6a\xb2\xf6\x39\x46"
	"\x8b\xf7\x1e\x8e\xa0\x98\x73\xe9\x61\xc1\xa0\x60\x68\xf2\x2b\x60"
	"\xe4\x13\xa7\x86\xbd\x09\x96\x3e\x2e\x38\x86\x29\xc1\xa1\xbc\xeb"
	"\xe5\x9c\xba\x9a\xe9\x68\xca\xae\x43\x58\xf1\xa2\xa9\x14\x11\xa1"
	"\x0a\xba\x16\xc7\xad\x13\xb0\x9d\x4c\xe0\xbb\x57\x96\x0f\xac\x18"
	"\x9a\xe0\x9d\x3e\xf5\x2d\x7e\x68\x39\x3b\x09\x5b\x97\x96\x4a\x98"
	"\xcc\x15\x90\xf1\xcf\x71\x21\xb0\xd2\x3e\xe6\xb9\xb7\x25\x25\xc0"
	"\x83\xc6\xd4\x08\xf8\xb6\x76\xef\xec\x69\x60\x09\x4e\xbf\x38\xc8"
	"\xbe\xb3\x00\x78\x7b\x70\x51\xf0\xa0\x90\xa3\x35\xc5\x0b\x9a\x76"
	"\x89\x79\xdd\x1b\xe0\x98\x70\xa9\xf3\x4a\x9b\x9c\xb5\x03\x5c\xf7"
	"\x6a\x69\x8e\xd1\xa7\xe3\xfa\x30\xd3\x06\xf2\x21\x97\xa1\x6c\xb4"
	"\x49\xc3\xd5\x65\x66\x4b\x6e\x02\x6b\x4f\x09\x6c\xa1\xb6\x51\x10"
	"\x2f\x9f\x36\x3a\xeb\xe3\x92\x4b\x52\x35\x24\x04\xe9\xe7\xfd\x2c"
	"\x9d\xda\xbc\xb3\x51\x21\x4a\xf4\x06\xaf\x01\x0d\x81\x56\xf0\x4f"
	"\x79\x28\x6b\x1e\xc1\x18\x0e\xda\x8b\xd1\x57\x1c\x6b\xe9\x95\x37"
	"\xbf\x76\x6a\x0c\x43\x9d\xfd\x38\x9f\x21\xd3\xf6\xb0\xaf\xd3\x2a"
	"\xd8\x89\x70\x40\xd5\xbb\xf1\x21\xa1\x53\x17\x4c\xe9\x5a\xd9\x88"
	"\x1f\x8a\x93\x99\x97\xbd\x4b\xfd\x50\x78\xe0\xc1\xd2\xc8\xbb\xd9"
	"\x04\x2e\xa2\x5f\xf3\xb9\x94\xe5\x48\xd4\xcd\xec\x67\xc9\x2a\x43"
	"\xee\xea\xec\xf4\xe2\xfc\x32\x7c\x7d\xda\x65\xe5\x84\x15\x8d\x5f"
	"\x93\xeb\x43\x22\x29\x96\x61\xb6\x38\xee\x2f\x21\xc7\x62\xb6\xbe"
	"\x36\x45\xec\xe1\x90\x6a\x41\x49\x65\x78\x36\x5c\xdc\x29\x38\x90"
	"\xe8\x75\x3e\x44\x63\xbd\x3a\x5c\xf8\x8c\x96\x5d\x23\x0c\x26\x4d"
	"\xe4\x95\xf3\xd4\xe1\xae\xe6\x3c\x1c\x58\xb8\x4b\x9a\x50\x5e\xec"
	"\x4e\x96\x3d\x89\xd3\xbd\xf5\x2c\x6d\x10\xcd\x9d\x4e\x87\x6c\xea"
	"\xa4\x02\xc4\xba\x0c\x9f\x79\x44\x0a\xde\x0e\x5c\x15\x97\xdd\xed"
	"\xc3\x02\x90\x24\x18\xa7\x33\x49\x42\x41\xd3\x82\xb0\xd2\x8b\x8d"
	"\x9a\x0a\x23\x7c\x5e\xd0\xd5\x15\x04\x06\xca\x05\x3e\x00\x5d\x0d"
	"\x8a\x40\x6c\x41\xa6\x99\x5e\x58\xdf\x9b\xab\x52\xf0\x75\xc7\x17"
	"\x4b\x7c\xda\x2c\x82\xca\xc4\x3e\x4b\x0a\xcc\xd0\x26\x0b\xed\x46"
	"\xc0\x59\x96\x26\xa1\x79\xc7\x83\x51\x67\xab\xfe\x11\x01\x83\xa5"
	"\xe6\x41\x6e\xdf\x74\x41\xa0\x7d\xa9\x6b\xaa\x7e\x4a\x94\x3c\x5f"
	"\x7a\x45\x36\x7e\x4a\x57\x10\xac\xad\x08\xeb\xc9\x16\xd8\xaf\xa9"
	"\x08\xa7\x16\xe8\x4d\xc4\x75\x48\x05\x91\x0b\x53\xf6\x14\x04\xdf"
	"\x04\x1f\x80\xf1\x65\x31\xd3\x73\x3f\xa9\x68\xf7\x0a\x5f\xd3\xe0"
	"\x06\x71\x01\xfe\x92\x57\x84\xd0\x54\x78\xc5\xdb\x8c\x38\xd8\x90"
	"\xb4\x08\xea\x53\x53\x3e\xa8\x13\xb8\xa8\xe6\x41\x31\xcd\xd8\xe0"
	"\xe4\xb1\x02\xda\x48\xd8\x82\xdc\xf2\x46\x8d\x58\x7b\x52\x26\xc1"
	"\x0c\x31\x53\x6c\x8e\xcf\xbc\xb1\xe8\x03\xa4\x7c\x37\x1c\xb8\xbe"
	"\xca\x2b\x56\xb3\x54\x14\x99\xcf\xb1\x64\x0f\x05\x1d\x71\x0d\x5f"
	"\x00\xaf\x2e\x9d\x57\x00\xee\x03\x6d\xd0\x0e\x65\x53\xf4\x04\x66"
	"\x5a\x4f\x3f\xeb\xb6\x7c\x39\x04\x97\x54\x81\x8d\x18\x82\xb4\xeb"
	"\x59\x6b\xa5\x12\x71\x82\xc9\xfe\x2e\xa6\x0d\x90\xbf\x2f\x3f\x4e"
	"\x27\x9b\xdd\xfd\x9f\x8f\xfb\xed\x3d\xb8\x77\x9b\xa7\xc9\xd7\xa3"
	"\x9f\xe7\x51\x00\x15\x4e\xf2\x2c\x29\x87\x3f\x6a\x50\x0d\xcd\xdd"
	"\x02\x18\xd9\x26\x1a\xc6\x4c\xea\x95\x2f\xfc\x9c\x49\x9d\xfe\xe2"
	"\xa4\x1a\xc2\x87\x83\xd7\x25\x2d\xa3\xd7\xac\xcb\xa7\x1b\x3b\x40"
	"\x17\x44\xcc\x69\x7f\x45\x2d\x4a\x5d\xb8\x96\x0a\x16\x2b\xc3\x51"
	"\xf9\x6a\xfb\x50\xbd\x63\xaa\x10\x42\xed\x5d\x21\x06\x9d\x9b\xf4"
	"\xaf\xad\xbc\xb0\xc1\xb3\x17\x98\xde\xcb\x0f\x4c\x25\x38\xcb\x6a"
	"\x33\x6d\x57\x1f\xee\xbf\x81\x43\xfd\x43\x3f\x3c\xbe\xe2\xf3\xaf"
	"\xab\x1f\xb0\xf8\x57\xd8\x81\x0f\xc3\xa4\x9c\x11\x2f\xa8\xd9\xb1"
	"\x30\x21\x28\xa7\x3a\x4c\x30\x4c\xec\xd3\xe0\x21\x8d\xfe\xcb\x90"
	"\x03\x06\xcd\xc3\x31\x1d\xfb\x34\xcf\x6e\x18\x28\x01\xa0\x8b\x19"
	"\x2e\x95\x68\x56\xc6\x54\xa3\xdb\xa5\xbd\xcd\x5d\x59\x03\x6e\x0e"
	"\x3e\x41\x09\xe5\x15\x9d\x5e\x60\x19\xb4\x1d\x30\x63\x66\x48\x38"
	"\x25\xf9\xe2\x96\xc3\xd9\x37\x8e\xd7\xd9\x7f\x49\xd8\x0a\x53\xd5"
	"\x26\x80\x6e\xbb\xb3\x68\x5e\xb7\xbb\xd7\x1f\x9b\xfb\xed\xe4\x8f"
	"\xc7\xe7\xcd\xee\xe7\xc4\x94\x87\xef\x9d\x73\x49\xc0\x64\x2a\x51"
	"\xf4\xe4\x83\x4a\xa5\x10\x08\x3e\xda\xd7\x14\x4e\x0d\x36\x66\x94"
	"\xb1\x18\xb4\xb3\x5c\xb0\xfe\xab\x7d\xa1\x18\x5a\xb7\x25\x2b\x53"
	"\xc1\x6a\x35\xb0\xe4\x48\x4c\x7c\xb5\xdd\x4a\x26\x43\xc5\xe6\x38"
	"\x09\xbf\x50\xb5\x9f\xb0\xed\x1e\xef\x1f\xda\x6d\xd0\xe9\xe5\x9f"
	"\xed\x6e\xf2\x7d\xf3\xbc\xf9\xb6\xfd\xbe\x7d\x0e\x30\x6e\x5b\xc8"
	"\xe5\x10\xb2\x0d\x4e\x22\xcd\x49\x68\x5b\x90\x5c\x32\xb0\x90\x6e"
	"\xab\xb0\x7e\x59\xb0\x04\x4e\x98\x44\xd2\xcd\x75\xa9\x65\x41\xa9"
	"\xb3\x92\xae\xa5\xfd\xc1\x8b\xa3\xd4\x2f\x4d\x34\xd6\xc0\xc2\x84"
	"\xd6\x64\x49\x7b\x29\x48\xb7\xb5\xfd\x51\x86\x13\x8f\xe4\x11\x3a"
	"\x4f\x83\x54\x7b\x53\x88\x59\x68\x00\xe2\xb5\xbf\x0a\xaf\x76\x19"
	"\xbe\x0f\x35\x51\x87\x40\xfa\x81\xf0\xfa\x5a\xd7\x7c\x8d\x2a\xe1"
	"\x50\x0e\x17\x2f\x3f\x1b\x92\x0a\x6c\x61\x1f\x83\xe7\xde\xeb\x43"
	"\xbb\x30\x3f\x1f\x77\x38\x26\x7c\x78\x24\x59\xc0\xaf\x6c\xcf\xdb"
	"\x01\x77\x4f\xd0\x5b\xce\x2a\x0f\x9c\xd5\x85\x17\x11\xc6\x1e\x9e"
	"\xb6\x8e\x68\x84\xd1\xdb\x77\xf0\xbd\x16\xfb\xfc\xaa\x2e\xba\x27"
	"\x27\xb2\x5f\x2f\x68\x90\xe6\x7c\x05\xf2\x3e\x8b\x88\x48\x17\x0b"
	"\xcc\x2b\xc7\x02\x03\x71\x61\x20\xe6\x27\x57\xa4\xa3\x3c\x0f\x73"
	"\x9c\x64\xfd\x98\x34\x40\x91\x64\xff\xd9\xbe\x8d\x86\x50\x9a\xc9"
	"\xe3\x80\x60\x7d\xd5\xa1\x97\xe3\x48\x3c\xdf\x6d\xff\xf3\xb6\x7d"
	"\xbe\xff\x39\x79\xbd\xdf\xf8\x05\x75\xd8\x1f\xae\xd6\xb5\xbf\x1b"
	"\xd8\x62\x96\x40\x94\x12\xda\x3e\x08\xed\x83\x71\x1d\x81\x66\x34"
	"\x06\x65\xa0\xbd\x93\x56\x48\x35\xf6\x28\x2f\x88\x8b\x7c\x29\x41"
	"\x56\x85\x8d\xc7\x50\x17\xac\xa6\x37\x69\xf8\x5f\xef\xc2\x41\xef"
	"\xc0\x7c\xb2\x5f\xef\x81\x0f\xbd\xa9\x58\x99\xc7\x56\xbf\xde\xcb"
	"\xc4\x67\xf0\xa5\xf4\xaf\x77\x31\x3f\x2d\x44\xd2\xfe\x38\xa1\xd3"
	"\xf2\xf7\x35\x88\xd1\xed\x66\x04\x7e\xd8\xba\xe0\xb9\xfc\xfa\x4e"
	"\x8d\xed\x90\x1b\x93\xc4\x67\xfc\x91\xa9\x1c\xb6\x2a\x3a\x95\xc8"
	"\xce\x1c\xd8\xfe\x6b\x9f\xed\x43\xe9\x0d\x40\xb4\x5b\xae\x62\x2b"
	"\xb2\xe0\xa6\x2c\x6f\x63\x36\xa8\x89\xad\x16\x0c\xf3\xcb\x5d\x87"
	"\x28\xea\x92\x89\xe5\x9a\xf3\x6c\x14\xf1\xb0\xcc\x52\x86\x13\x43"
	"\xd7\x5c\xb0\xeb\x10\x89\xe3\x53\xe4\x81\x81\x01\x6d\x60\xa4\x2d"
	"\xb1\x72\x41\xb6\xf1\x6b\xe7\xe1\x32\x38\x6e\xc2\x7b\x10\x84\x8d"
	"\xb4\x6b\x33\x3b\x56\x6d\xf7\x98\x7c\xc1\x8d\x1c\xe8\x6d\xe0\x99"
	"\xa5\xff\x6e\xdc\xb6\xe8\x8c\x91\x90\xbe\xc2\xe2\x38\xaf\xf0\xe8"
	"\x06\x0e\xdc\x53\x76\xa6\xad\xdf\xfb\x18\x48\x29\x42\xc6\xce\x4d"
	"\x2e\x1c\xbd\x82\x5f\xe6\x87\xbd\x7a\x4d\xed\x03\x5b\xb7\xc9\xb0"
	"\x52\xde\xe3\x7b\x03\x91\x4d\x82\x8f\x90\x58\x7a\x1b\x19\xaf\x8d"
	"\x4b\xd1\x1e\x45\xf3\xbc\x4b\x2a\xf0\x5c\xfa\x43\xd5\xad\x97\xed"
	"\xec\xf3\x92\xde\x7a\x3f\xcb\x62\x9b\x3a\xca\x61\xbf\x38\xab\xcd"
	"\x6b\x78\xaa\x42\x1b\xc1\x3c\x06\x00\xf3\xc8\xa8\x36\xff\xd7\x69"
	"\xa0\xb5\x2b\x0a\xd5\x60\xe6\xaa\x5e\xdd\x18\xbe\xb6\x49\xb0\x76"
	"\x83\x0e\x63\x1c\x3d\xba\xa8\x32\x8d\x4b\x23\x7b\x14\x0c\xd9\x16"
	"\x87\xa8\x45\x98\x84\x45\x02\x7d\x9b\x70\xd7\xf9\x01\x48\x5d\xd5"
	"\xfd\x6f\x9d\x2d\xfe\x47\xd9\xb5\x35\x37\x6e\x23\xeb\xbf\xa2\xca"
	"\x53\x52\xb5\x5b\xc7\x92\x6c\x8d\xbd\x55\xe7\x01\x02\x41\x11\x63"
	"\xde\x44\x50\x17\xcf\x0b\xcb\x99\xd1\x24\xae\x33\x97\x94\xed\xd9"
	"\x24\xfb\xeb\x0f\x1a\x20\x25\x00\xec\x06\xbd\xa9\x9a\xcc\xa8\xbb"
	"\x09\x02\x20\xd0\x00\x1a\xdd\x5f\xf3\x3a\x78\x0b\x90\xe1\xe0\x82"
	"\x1b\x10\x7a\x81\x86\x35\x38\xdf\x0c\xfe\x1a\x3d\x33\x58\xd6\x06"
	"\x36\xdc\xfa\x44\x7c\x0c\x26\x4c\x0d\x61\xfb\xa5\x1f\xd4\x77\x7e"
	"\x82\xaa\x4a\x61\x5a\x8b\x86\x70\x97\x7a\xa2\x56\xf7\x72\x34\x31"
	"\xeb\x7d\x2b\x7d\xd2\x2e\xa1\xde\x9d\x56\x3b\xb2\x91\x9a\x77\xa9"
	"\x34\x35\x68\x3a\x96\xb9\x78\x00\xa0\x03\x94\xdf\xdf\x3d\x0d\x62"
	"\x7a\x09\xff\x77\x69\xab\xed\x0f\x73\x43\xb4\xd6\x3e\x08\x81\xdf"
	"\x35\xeb\xae\x37\xd1\xac\x3c\x11\x33\x47\xce\x8d\xf3\x1e\xc6\x88"
	"\x76\x06\x42\x98\xb0\x35\xad\xfa\x58\x82\x81\x44\xbc\x80\xb5\x10"
	"\xe1\xb3\xa0\x7e\xc2\x5a\xf0\x1a\x23\xc3\x27\xe9\xc9\x7e\x57\x35"
	"\xec\x40\xe9\xc0\xf3\x2b\xf4\xf0\x82\x48\x2f\x4f\x07\xc0\x7b\xf4"
	"\x3f\x37\xe7\x39\x8a\x21\x0f\x0d\x32\x7c\xb7\x76\x9d\x5f\x86\xed"
	"\xc3\xc0\xff\xdf\x9f\x3e\xfe\xf8\xf5\xe9\xe3\x4f\x7e\xe9\x45\x72"
	"\x13\x44\x0b\x9c\x87\xe9\x7e\xe5\xce\xbb\xfd\xaa\xd7\x0f\x60\x0e"
	"\x4b\x31\x8e\xb9\x09\x08\x18\x16\x5f\x01\x34\x60\x97\xb0\xc4\xef"
	"\xae\xd5\x68\x98\xad\xb0\x71\xb6\x7a\xc3\x40\x5b\x8d\x47\x1a\xbc"
	"\xbd\x90\xf5\xca\x57\x13\x9a\x28\x73\x46\x96\x42\x8e\xbb\x15\x41"
	"\x9d\x1c\x79\xab\x89\xa1\xb7\x1a\x8f\xbd\xa0\xf5\x17\xbe\xe9\xe5"
	"\x1e\xb1\x82\x3a\xca\x9a\x26\x7a\xba\xc2\x50\x94\x6c\x47\x1d\xa1"
	"\x69\xdd\xaa\x49\xa8\x42\xca\x44\x1f\xfb\xcd\xc5\x4e\xfb\x50\x8b"
	"\xa0\xbc\xb1\xe2\x31\x64\x5a\xe7\x69\x26\xa5\x96\x06\x66\x5f\x28"
	"\x55\x9f\xf1\x22\xe3\x35\x66\xb7\x86\x68\x14\x35\xaa\xd2\x58\xd7"
	"\x06\xbd\x20\x36\xab\x2e\x3f\x8c\xdf\x8d\x88\x65\x05\xe3\x94\x66"
	"\x1d\xf9\xf6\x5f\x58\x60\x43\x02\xc3\x7a\xc1\x9a\xfb\x50\x57\xd7"
	"\x6d\x0d\x01\x96\xfa\x2c\x9b\x3e\x50\x45\x9b\xe7\xeb\xec\xc1\x1e"
	"\xab\x5a\x56\xd4\xf8\x25\x85\x16\x0d\x63\x63\xcf\x24\x34\xf4\x63"
	"\xdd\xc8\x64\x23\x2e\x42\xe3\x0d\x34\xb8\x70\xe9\x1d\xdf\xe7\x27"
	"\xf0\xc0\xa1\xb0\x6d\x2f\x2f\xc1\xf6\x8f\x3d\xab\xdf\x78\x06\xed"
	"\xf7\x99\x14\xb8\xda\x58\xd0\x78\x7b\x47\x5e\x03\x58\x59\x0e\x1b"
	"\xf0\x48\xca\xd2\xdc\xef\x78\x54\x83\xbe\x35\x02\xd1\xeb\x19\xba"
	"\xa8\x44\xec\xb1\xea\x38\xc5\x75\xfd\x47\xc5\x58\xd8\x27\x77\xf9"
	"\x70\x43\x81\x9b\xb4\x3d\x31\xb8\x19\x42\xc3\x12\x3d\xa9\x31\xb2"
	"\x84\xc7\x86\xa1\x43\x99\xf9\x46\x82\x66\x8c\x11\x2f\x6c\x4d\x28"
	"\x6f\xd5\x25\x9c\xd7\x7e\xbb\x07\xce\xc6\xbd\x52\x77\x19\x8a\xb7"
	"\xc4\x23\x7a\xe1\xd4\x27\x27\x41\xf4\x23\x83\xa3\x26\x23\x98\x69"
	"\x58\xe6\x99\x93\x2d\x17\x4b\x82\x25\x1b\x4e\x70\x10\x00\x47\x8f"
	"\xaf\x07\xc5\x5a\x56\x2a\x80\x78\xf2\x3f\x7b\x49\x76\xde\xe5\x9b"
	"\xd6\x64\xb5\x15\xf3\x5d\x55\x7c\xa6\x9c\x2c\xba\x4d\xc7\xbd\x8c"
	"\x4d\x3e\x97\x11\x1f\x1e\xa3\xc9\xb5\xc9\x77\x00\xb0\x85\xd7\xa4"
	"\x64\x7e\xdf\x95\xe6\xd4\x29\x3c\xb4\x95\x9e\x4c\x8c\xa4\x0b\x0b"
	"\x1b\x17\x17\xee\x68\x3c\x01\x0b\x19\x2c\x40\x4e\x11\x51\x3b\x0a"
	"\xdc\x1e\x01\x2a\xd9\xc5\xc0\x6c\xb1\x72\xe0\x7a\xb0\x11\x3e\xec"
	"\x99\x66\xd9\x75\x2a\xaa\xce\x8e\xe7\xb5\xcc\xa8\xdb\xe3\xab\x81"
	"\xe7\x9b\x7d\xfc\xfe\xf5\xd7\xa7\x6f\xa7\x4f\xb3\x1e\x80\x18\x53"
	"\xb5\xc7\x36\x54\x3d\x2e\x0b\x86\x43\xcf\xf6\x4a\x7e\x7d\x7c\xfe"
	"\xed\xf4\xea\xd9\x3e\xbc\xe7\x5a\xb8\xc3\x6a\x2d\xa6\xed\xc4\x60"
	"\xb8\x48\x1b\xd8\x23\xb5\x2b\x26\x9a\x7a\x16\xef\x97\x3b\xa2\xea"
	"\x83\xd4\xa5\x05\x13\x52\x17\x35\x1b\x13\x6c\xe3\xfc\x44\xf9\x27"
	"\x4a\x4c\x26\xcb\xdf\xdc\x25\x19\xd4\xe8\x8d\xfd\x01\x96\x5b\x83"
	"\x65\x15\xaf\xa1\xc1\xe5\x75\x44\xa3\xef\xcf\xd1\xa3\x02\x2a\xe9"
	"\x2d\x94\x88\x40\xa4\x6f\xfd\xa9\x8e\x3c\x5b\x02\x68\x59\x3d\x21"
	"\x93\x4e\x56\xa1\x4c\xc9\xf5\xde\x11\xaa\x86\xf5\x3d\xda\x33\x60"
	"\x4b\xc1\x41\x76\x50\xe9\xcb\xd4\x8e\x48\xb5\x62\xa2\x6e\x80\x9c"
	"\x73\x9c\x18\xf0\x01\x62\x1c\x26\xf2\xa6\x91\xae\x4f\x75\x85\x52"
	"\x53\xdd\xa0\xa5\xf4\x49\x02\x22\xfc\xc7\xa1\x18\x83\xb2\xf8\xfa"
	"\xf8\xfa\xf1\xf7\x13\xad\x2c\x0a\xd6\x42\x68\x51\x92\x34\x70\x42"
	"\x98\xea\x51\x2b\x1d\x20\x3d\x22\x12\x63\xd0\xcd\xa8\x74\xbe\x53"
	"\x2d\x7a\x0b\x83\x09\xeb\xad\x9e\xf0\x3d\x33\x51\xa9\xb2\x5c\x3f"
	"\xb4\xd4\xd6\x0c\x7f\x20\xb2\xfd\x47\xc5\xcd\x2d\xe0\xdf\x13\x52"
	"\x91\x8f\x7d\x11\x8a\x8f\xfa\x5e\xae\xde\xbd\xb5\x31\xb0\x1a\xbf"
	"\x59\x56\xec\x29\x48\x4b\x4c\x5a\xf1\x3a\xda\x1a\xc1\xcb\x38\x5f"
	"\xc5\x9f\x07\x58\x91\xe9\x8e\x0d\xd3\x13\x60\x22\xf9\x44\x7f\x5a"
	"\x6b\xc3\xdb\x9a\x2d\xeb\x86\x95\x1b\x31\x51\x62\xbe\x68\xdf\x58"
	"\x5e\x98\x92\x01\x13\x99\xec\x04\x7d\x90\x9d\xe0\x4f\x8c\x3c\x7b"
	"\x1a\xb7\xe6\x8e\x58\xbb\xca\x34\x3c\xd3\xc5\xa4\x2b\x95\xbe\xad"
	"\x13\x82\xe8\x60\x44\xc2\x9a\xeb\xe3\x22\xf7\xad\x6f\xda\x40\x64"
	"\xb6\xbb\xca\x05\x98\xa5\x24\x16\x6f\x10\xe9\x97\xda\x58\xfb\x91"
	"\xc5\x29\x2a\x2e\x58\x5e\xbc\x5d\x98\x8b\xf2\xcd\x45\xc3\xde\xfa"
	"\x6d\x9f\xc2\xde\x3f\x44\xdb\x3f\x4a\x30\x82\x4a\x18\x33\xe1\x84"
	"\x54\x13\x38\x88\x22\x42\x76\xfd\x7b\x5b\xdd\x61\x2f\x15\x7d\xe3"
	"\xce\x47\xc3\x06\x17\x13\x22\x86\x55\xb3\xf6\x6a\x9c\xff\xa1\xfe"
	"\xd7\x1b\xec\x27\x29\x18\x6b\x1b\x66\x4c\x4d\xd7\xd4\x91\x35\x64"
	"\xd9\x7e\x1f\xd3\x13\x40\x2c\xb0\xc4\xd0\xa2\x11\xdc\x7e\xf8\xcc"
	"\x51\x41\x8d\x78\x0f\xbe\xee\x23\xba\x39\x3a\x61\xc4\x82\x29\xbd"
	"\x4f\x6b\x58\x22\x70\x3e\x6e\x1e\x30\x9c\x1a\x39\x56\xf9\xe7\x77"
	"\xdd\xbf\x9a\x2e\xeb\xb1\xf5\x0f\xe8\xfd\x56\x24\xc3\xe9\xde\xc2"
	"\xe2\x32\x9a\x3a\x34\x98\xb9\xdc\xd6\x45\xfd\xb5\x0c\x5c\xfc\xbc"
	"\x59\x7c\x1f\x9c\x02\x3d\xb6\x7a\x28\xcd\x36\x10\xbf\x00\x0b\x4f"
	"\xce\xde\xa3\x97\x9e\x25\x4b\xd7\x0f\x83\x32\xeb\x9d\x04\xc9\x77"
	"\x10\x1b\xf3\xa0\x1d\xe1\xa6\x77\xe8\x95\x72\x93\xd3\x35\xe8\xb7"
	"\x62\x92\xbc\x81\xbb\x88\xea\x0f\x32\x2d\xa4\xbb\x9f\x6c\x46\xc3"
	"\x0e\x61\xed\xf4\xe6\x78\x07\x58\x40\x21\x5d\x0f\x7a\x7c\xcc\x30"
	"\xea\xeb\x6b\xc6\xa5\xad\xfd\x34\xfe\xf7\xea\xbf\x9d\xc8\x2b\x7a"
	"\x22\xaf\x88\x89\xbc\xc2\x26\xf2\x8a\x98\x94\xab\x91\x25\xb3\x27"
	"\x86\x06\x0d\x20\xa3\x1d\xb9\x0a\x66\x94\xf3\x19\x56\xee\xa4\x22"
	"\x3e\x95\x23\x23\x76\x72\x75\x3d\x2d\x06\x5d\x33\x2d\x05\xe7\x92"
	"\x69\xa9\x2c\x9f\x96\x81\x96\x5b\xa7\xc8\x69\xd9\x22\xa3\xfb\x68"
	"\xa4\x2c\xf0\x22\x9a\x36\xf6\x1a\xd4\x88\xe0\x8b\x8c\x87\xe3\x6a"
	"\x42\xbd\xac\xde\xaa\x5f\x56\xde\x04\xf6\xc9\x76\x32\x85\xa5\x0e"
	"\xf3\x29\xd6\xa6\x12\x8d\xca\x18\xae\x15\xd2\x4e\xac\xc3\xa9\xd7"
	"\xf3\x34\x03\x4c\xad\xbb\x56\x20\xf7\x11\xc0\x6c\xbb\xf1\x95\x04"
	"\x2e\x57\x12\x51\xe4\x8e\xd0\xed\xd5\xa2\x5b\x4e\x09\xb1\xa2\xa2"
	"\xf0\xbf\x1c\x21\xc2\x7f\xc0\x11\x91\x6f\x90\x58\x4d\x89\x98\x1d"
	"\xfc\x94\x50\x68\x63\xc2\x64\xfa\x3d\xee\x94\x98\x6a\x27\x6b\xbd"
	"\xcf\x09\x40\x08\xbf\x7b\x1a\x51\xe7\x0f\x53\x72\xc9\x1b\x3e\x1a"
	"\xb4\xae\x9b\x94\x1a\xd6\xaa\xc9\x06\xbe\xe1\x8d\x5a\x87\x4e\x89"
	"\x18\x63\x15\x85\x42\x4e\x0f\x58\xbd\xae\x84\xe7\x6a\x67\x47\x69"
	"\xcd\xd8\x4e\xc8\x6d\xab\xc5\xd7\x9b\xae\x5a\xbf\xe7\x65\x8b\x06"
	"\xea\xb6\x17\xcf\x6f\xeb\x2f\x62\xee\x26\xe1\x36\x7f\x5c\x12\x22"
	"\xa7\x32\x36\xc7\xe1\xc1\xa8\x27\x4a\x3c\xdc\xc8\xc8\x4f\xd5\x20"
	"\xf6\x66\xd7\x0b\xc2\xbe\x3c\xf0\x9f\x68\x88\x9c\x27\xfa\xf4\x49"
	"\x60\x0f\xb5\x98\x21\x1a\xce\xd7\x0e\xd2\x94\xfe\xd5\xed\x97\x01"
	"\x41\x86\x12\xc2\x4b\x7d\xe8\x16\x60\x87\xc4\x48\xad\xc9\x4d\xa1"
	"\xbf\x27\x40\x7b\x8d\x61\x65\x8d\x9f\x87\x62\xe1\x05\xb0\x26\xa1"
	"\xcd\x80\xe9\x06\x8a\x6b\x8e\x79\xf6\xe5\xb9\x77\x73\xa1\x7f\x2e"
	"\x88\x71\x77\xa4\x70\xf6\x72\x5c\x75\x1c\x17\x38\x0c\x50\xce\x6a"
	"\x02\x66\x24\xd3\x23\x03\x9f\x5a\xab\xbc\x3a\xd4\x84\xd2\x90\x42"
	"\x08\x68\xdd\xcd\x35\xe1\x72\x35\x40\xae\x99\xfd\xd7\xf6\xc7\xe9"
	"\xc7\xe9\xe9\xdb\x6f\xff\xd3\xa3\xbd\x79\xde\xcb\xbd\x74\x97\xb5"
	"\xeb\xb0\x73\x0d\x39\x45\xa3\x17\x06\x36\x20\x83\xf9\x8e\x55\x6a"
	"\x30\x6f\x6c\xb1\xe2\x1a\x02\x4b\x72\xe0\xab\x74\x3d\xc1\xdf\x46"
	"\xf9\xad\xd8\xe6\x91\xea\xb6\xeb\x14\xab\xd5\x66\xaa\x5a\xfa\x6f"
	"\x51\x44\x25\x92\xa6\x89\xf2\x8b\x2d\x74\x55\x54\x84\x67\x15\x01"
	"\x52\x35\x48\x6c\x27\x5a\xcf\x21\x92\x2a\x2a\x91\x6e\xdf\x24\x14"
	"\x65\x67\x59\x1a\xe5\x07\x40\x56\x01\xf7\xe2\xe4\x30\x7e\x30\x27"
	"\x50\x7d\xce\x9d\x3c\x0e\xa8\xb0\xe6\xf5\x2f\x8f\x2f\x2f\x4f\x9f"
	"\x9f\x3e\x8e\x5d\x2b\xf4\xb9\x6a\xf4\x2e\x4d\x82\x28\x31\x49\x7a"
	"\xa3\x18\x09\xb3\xbf\xa2\xe6\x17\x08\xa4\x07\x7f\xe4\x03\x2d\xb0"
	"\x78\xf4\x24\x32\x7f\x53\xcf\x1e\xd9\x0b\x6d\xf9\x79\x75\xc0\xaa"
	"\xce\x23\x56\x63\xdb\xb6\xd1\x2d\xc1\xb9\x3c\xca\xd6\x6f\x04\xcc"
	"\x3e\xdc\x03\x02\x36\x8e\x8a\x86\x8c\xd1\x7a\xd8\xe6\x4b\x8a\x54"
	"\x87\xc5\x43\xff\xdc\x9e\x6e\xee\x06\x50\x8e\xed\xba\x31\xbd\x10"
	"\x81\x09\x71\x60\xf4\xe9\x69\x91\x77\xb3\xd2\x45\x3c\x18\x9a\xc7"
	"\x82\x8b\x28\x20\x58\x43\xa7\x18\xd3\x37\xcc\x3f\x2c\x6c\x98\x75"
	"\xb7\x58\x13\xfd\x07\xec\x42\x36\x8d\xef\x22\x34\x70\x14\x2b\xea"
	"\x9c\x9e\xdb\xcc\x9c\x49\xdb\x28\x9f\xda\x81\x9d\x1b\x22\x22\x97"
	"\xce\xb6\x12\x92\x32\xba\x5b\xf6\xfd\x5a\x24\xb2\xc5\xaa\xcf\x83"
	"\xeb\xe9\x91\x40\xb8\xbb\x0d\xd8\xc8\x80\x34\xc5\xf6\x97\x34\xf1"
	"\x5a\xdf\xaf\x8b\x2a\x89\x77\x5d\x1a\xef\x5a\xeb\x9d\x06\xee\xe0"
	"\xd1\x09\x2f\xcb\x24\xa2\xb7\x52\x99\x7a\x01\xae\x09\xc7\x86\x42"
	"\x52\x42\x0c\xba\xaa\x20\xad\xaf\x77\x36\xd3\xfb\x2a\x66\x10\x84"
	"\x71\xfc\xdf\x5a\x94\xfb\x31\xe8\xd3\xb0\x99\xe9\x9d\xd4\xbd\x51"
	"\x6a\x5c\x49\xc2\xed\x9e\x1e\x65\xe4\xbd\x5b\x57\x12\xb0\xf1\x99"
	"\xa2\x94\x82\xad\x51\x22\xf6\xe1\xd7\xcb\x97\x60\x54\x03\x5b\x2f"
	"\xee\xe3\xb5\x6d\x5a\xe7\x20\x0e\xbf\x8c\x2b\x64\xa7\xa7\xe5\xdc"
	"\xa3\x2a\x37\x23\x80\xa1\x14\x99\x07\x15\x66\x68\x3b\xb5\x26\x5e"
	"\x32\xfa\x2c\x86\xa8\x77\x9e\x10\x91\x4a\x4f\x87\x92\x13\xf8\x68"
	"\x4d\x61\x76\x95\x7a\x87\x17\x61\xe3\xd5\x69\xdc\x84\x8b\x4d\x6a"
	"\x52\xa4\xba\xfe\xaa\xc7\x5a\x21\x59\xfa\x8c\x17\x23\xb5\x33\x70"
	"\x64\xac\xdb\x07\x35\x40\x1b\x48\x7f\xa9\x1e\x3a\x3f\xe9\xd7\x7a"
	"\x9b\x8f\xf2\x4d\x85\x59\xa6\x54\xdb\x08\x56\x20\xc0\xdc\xae\xd7"
	"\x3b\x20\x30\x04\xb7\x62\x66\x48\xee\xbb\x32\x2f\xdc\x44\xbc\x7d"
	"\x78\xcb\xec\xf5\xf4\xd2\xa7\xad\xf5\xdd\x35\xef\xdb\x20\x19\xad"
	"\xbf\x99\x87\x54\x17\x45\x55\xca\xb6\x6a\x08\x38\x88\xa2\x61\x89"
	"\xac\x50\xfc\x2d\x37\x44\x5f\x4f\x35\xcf\xc6\x09\x84\x35\x2f\x7c"
	"\xc2\xe6\x70\x8e\x7e\xd4\xda\x2b\x39\xfd\xfb\xe9\x23\x12\x3f\x08"
	"\x92\xfb\x51\xe9\xfb\x23\x90\xbe\xba\x24\x95\x8f\x48\x76\xe6\x38"
	"\x04\xce\x72\x0e\xd0\x52\xe0\x84\xec\x25\xec\xd4\xbc\x5c\xb8\x49"
	"\x19\x4c\x05\x9b\xd1\x7b\x8f\x90\x48\xe9\x38\x22\xf3\xbe\xfd\x97"
	"\x91\x33\x10\x0d\x4e\x20\x44\xb4\xe1\x03\xec\x22\xc6\x25\xde\xab"
	"\x1d\xe7\xef\xde\x5d\x8d\xca\x06\x22\x24\x9c\xa0\x8b\x35\x12\xd8"
	"\xdb\x1d\x21\x99\x4a\xf8\xdb\x4d\x2e\x06\xe4\x02\x6b\x4e\x2d\xd8"
	"\xbd\x41\x28\x4c\x13\xa2\x34\xf5\x9e\x01\xc2\x53\xf8\x60\x4f\x8e"
	"\xd6\x76\x90\x99\xec\x2d\x51\xa8\xb0\xaf\xd0\x5a\x92\x02\xf7\x7b"
	"\x06\x99\x8a\xa2\x65\xe4\xc7\xc8\xf7\x50\x55\xda\xa7\x5d\x39\x8f"
	"\x5d\x05\x09\x3f\x20\x61\xda\xe7\xc7\x8f\xa7\x60\xec\x66\x72\x39"
	"\x9f\x1f\x83\xfe\xe5\xf5\xe2\xc6\x10\x2f\x7a\xb3\x35\x5f\x62\xbc"
	"\xb5\xd6\x34\xa3\xef\x88\xe2\xa1\x3f\x34\xdf\x1f\xf7\x42\x25\x40"
	"\x5c\x04\xc3\xd9\x4a\x7a\xb4\xbe\x37\x46\x25\x98\x6e\x1c\x49\xdf"
	"\x42\xba\x81\x11\xb5\xe0\x6b\xd6\x53\xbd\x6e\xb4\x20\x5d\x36\xe9"
	"\x2a\x1a\xd6\xef\x42\x1d\x81\x41\x55\x24\x8d\x47\x69\x52\x70\x79"
	"\x41\x48\x5d\xeb\x5e\x94\xc0\xb3\xa5\x1b\xbb\xdd\x13\x74\xc5\x46"
	"\x36\xe9\x81\x65\x2f\xf3\x10\x6e\x26\x13\xbf\xa4\x4c\x79\x3f\x5d"
	"\x03\xb4\xf9\x99\x78\xab\x0a\xd8\xea\x90\x44\x68\x16\xe6\xe2\xcb"
	"\x8f\xd3\xeb\xf7\xef\xaf\xbf\xcf\x3e\x59\x5d\x37\xc2\xef\x04\xeb"
	"\x6a\xd9\xba\x8b\x16\xd4\x97\x07\x5d\xd0\xfa\xfc\x8c\xcb\x75\xeb"
	"\x7d\x14\x87\x38\x7a\xfa\xcc\x40\x8b\x51\x89\x6b\x4e\xb0\xd4\x1d"
	"\x6b\x5a\x8c\xd6\x65\xd7\x41\xcb\x07\xc6\x9a\x2b\xc2\x1e\x7b\x91"
	"\x61\x6d\xb6\xbc\x9f\x12\x32\x9d\x31\x25\xb4\xe5\x6c\xf2\x65\x9b"
	"\xd5\xf1\x38\x25\x54\x34\x7b\x34\xb9\x85\xed\x1a\x5e\x2c\xae\x96"
	"\xc7\x51\x8f\xd5\x5a\x6d\x8d\xa9\x29\xf2\x39\xf6\x19\x97\x41\x7f"
	"\x85\x6f\x74\x79\xa3\xfe\x39\xe7\x87\x28\x80\x6d\x82\xa0\xdd\x57"
	"\xa4\x00\xf9\x20\x0b\x84\xd4\x1d\x78\xb9\xbc\xbb\xf3\x81\xb9\x53"
	"\xbd\x65\x69\x28\x13\x64\xda\xdd\x73\x5c\x03\x4f\xed\x56\x20\xdc"
	"\xb2\xd9\x79\x57\x26\x07\xd9\x88\xdc\x8b\xaa\x18\x28\x9d\x77\x7e"
	"\x3c\x08\xe3\xf8\xeb\x5e\xaf\x1b\x92\x9f\xc8\xdc\x90\x54\xfd\x30"
	"\x12\x92\xee\x4a\x9f\x6e\xc0\x38\xe7\xa0\x5e\x96\xb9\x21\x74\x30"
	"\x2f\x21\x18\xc9\x53\x55\xbd\x34\x68\x2a\x91\xeb\x93\x40\xd3\x1d"
	"\x58\x53\x6a\x15\x8f\x29\xad\xb3\x34\x17\x90\xb8\xaf\x4f\xb6\xd8"
	"\x55\xa5\x9b\x1f\xf0\x2c\xd4\x08\xfd\x43\xe4\x39\x64\x4b\xd3\xaa"
	"\x25\x08\x71\xf0\xc4\x20\x33\xd6\x11\xb0\xec\x64\x13\x7b\xed\x60"
	"\xdd\xae\xb1\xd7\x99\x10\x60\xc8\xc1\xa4\x0b\x4c\xd6\x88\x00\x6f"
	"\x12\x36\xc0\xc0\x21\xec\x83\xf7\x45\x72\xb9\x1e\xba\xf1\x62\x48"
	"\xed\x69\x24\x88\x47\xc1\x78\xd0\xf7\x03\xc5\x66\x4b\xe2\x08\xa3"
	"\xe1\x80\x5a\x07\x63\x2b\x8f\x73\xbb\xac\x9d\x10\xd8\x53\x12\x67"
	"\x8c\xbc\xe8\x8b\x06\xb0\xc7\x9f\xbe\x3e\x7d\x7b\x79\x7d\x3e\x7d"
	"\xe9\x7e\x7f\xfd\x69\x24\x58\x08\x95\x21\xcf\x87\x6b\x81\x2b\xaf"
	"\x06\x84\x36\x0a\x5c\xec\x2c\x6c\x57\x4d\xc0\xdd\x88\xf4\x2e\x58"
	"\x7e\x8c\xc3\xa0\xc1\x0a\x33\x20\x8f\x0e\x26\xcb\x41\x6a\x2a\x76"
	"\x42\x4a\x01\xbf\xcd\x3d\x24\xc1\x6f\x0f\xc7\xa4\x27\x85\x4d\xe9"
	"\xc9\xb2\xac\x89\x28\x8b\x5e\x00\xb0\x4d\xc9\xe3\xc5\x1d\x01\xff"
	"\xc7\x24\x6e\xcf\xe4\xa2\x06\x67\x40\xc2\x20\x9d\xa2\x66\xf1\x94"
	"\x77\xa5\x6f\xf8\x6e\x99\xfe\xdf\x96\x2a\x03\xfa\x6f\xb9\xb8\x21"
	"\x92\x49\xd4\x13\x76\x23\xca\xf0\x81\x05\xe4\x0d\x06\x0a\xd5\x5a"
	"\x7c\x4e\x27\x53\x47\x53\x19\x25\x31\xb6\xc9\x02\xa8\x64\xa1\x68"
	"\x9b\xac\xd6\x58\x60\x86\x40\x07\xca\x83\x81\xd0\xeb\x25\x82\xcb"
	"\x1c\x71\x39\x8c\xf6\xd0\xe7\xf8\xd9\x0b\xc0\x1e\x58\xb1\x66\xe7"
	"\xfc\x66\xa7\x6f\xa7\xe7\xa7\x8f\xbd\xe0\xac\x3a\x23\x28\x5c\x7a"
	"\xac\xdf\xbf\x8f\x50\xdf\x07\x44\x04\x9b\xe0\x37\xf4\x62\xf5\xc8"
	"\x1d\xc4\xd9\x7b\x79\xdb\x75\x2b\xda\xa2\x46\xa3\xc8\xf4\x44\x28"
	"\x13\x96\x57\x6e\x2e\x99\xba\xb1\xc5\xa5\xb2\x29\x4c\xf6\x22\x03"
	"\x79\xe5\xa0\xec\x1d\x3a\x0b\x10\xe6\x90\x06\x51\x59\x8e\xd0\xb4"
	"\x00\xc4\x94\x9d\x25\xa0\x62\x61\x39\x36\xf9\x69\xd8\x28\x94\xed"
	"\xe6\xbd\xba\x40\x24\x1e\xba\x11\xfe\xe5\xf0\x09\x72\x38\xfc\xc3"
	"\xbe\xdb\x01\xac\x0a\x52\x2b\x47\xb2\x4b\x9f\xf7\xe0\x0d\xe1\x10"
	"\x6e\x05\x60\x5d\xec\x8b\xe9\x2c\x6e\x31\x7e\x6b\x09\x62\x0c\x60"
	"\xaa\x06\x61\x93\x53\x17\xdf\x2a\x3c\xa8\x2e\x7b\xd0\x2d\xde\x4b"
	"\x45\x98\x13\x06\x80\x25\x80\x0a\xa1\x8f\x09\xae\x14\x8c\x2a\xf3"
	"\xca\x71\xaa\x5d\x60\xef\x77\xb9\xfe\xc1\xd6\xfa\x90\xde\x7a\x20"
	"\x04\x7a\x26\x81\x81\xc6\xc5\xb0\xdb\x78\x1e\x64\xf6\x77\x27\x17"
	"\x7c\x44\x53\x6e\x46\xdd\x33\xad\x18\x13\x8b\x42\x7a\xa6\xb0\x9e"
	"\x7c\xe0\x09\xa4\x57\xc0\x74\x41\xc1\x2c\x86\x6f\xa2\x2b\x97\xa6"
	"\xbe\xc5\x12\x98\xa9\x00\xfc\x4f\x13\x5a\x41\x3c\x6e\x01\x50\xfb"
	"\x49\xfc\xf9\xf1\xc7\x17\x9b\x20\xe0\xe9\xb7\x1f\xdf\x7f\xbc\xcc"
	"\xbe\x9e\xbe\x7e\x7f\xfe\x7b\xf6\xf8\x7c\x7a\x9c\xbd\x3c\xfd\xe7"
	"\xf4\x2f\x17\x5d\x8f\x99\x75\xa3\x2b\x4c\xb0\x80\x03\x61\x70\xe6"
	"\xe8\x83\xcc\xc0\x0d\x30\x56\xcf\x6c\x00\x10\x15\xa0\x62\x09\xfc"
	"\x20\xaf\x28\x59\xbe\x41\x08\x5d\xb8\x0c\x76\xeb\x19\xed\xf3\x36"
	"\xfc\xf4\x36\xb3\x48\x55\x57\x79\xb5\x39\x03\xd9\x41\x46\x0e\x7b"
	"\xce\x7a\xf1\xf3\x13\x15\x1d\xe7\x12\x30\xd4\xeb\x62\x47\x42\xdc"
	"\x68\x91\x9b\xbf\xfe\x9a\x10\xa1\x1c\x4a\x4c\x62\xa0\x6e\x23\xf5"
	"\x29\x8b\x35\xa8\xe5\x14\x70\xda\xc5\x5a\x7a\x77\x55\x70\x3d\x00"
	"\xc8\x12\x45\x17\x64\xf6\xb8\x5c\xaa\xf7\x89\x4f\xfa\x64\x4f\x98"
	"\xda\xcf\x64\x3f\xce\x2f\x1b\x8b\x0c\xc9\xd7\x61\x7a\x44\x73\x9c"
	"\xbc\x09\x8e\xda\x87\x47\xfa\xfc\x3e\x67\xc1\xfe\xc8\x3a\xca\x71"
	"\x02\xb2\x36\xd4\xd8\xd9\x11\x69\xda\xce\x3f\xed\xc0\x55\x83\x81"
	"\x9f\xc5\x15\x41\x49\x64\x73\x29\x5a\xcc\xd6\x94\xb4\xce\x2c\xad"
	"\xbc\xab\x8d\x2a\x05\xd0\x9d\x96\x48\x44\xae\xb9\x69\x0e\x78\x60"
	"\x6e\xc4\x93\x26\x5a\x00\x5e\x94\x75\x5f\xad\xdf\x7b\x84\x3e\x49"
	"\x16\x46\xf3\x13\xbe\x68\xba\x9e\xf6\xde\x6f\x0f\xd1\x46\xff\x2e"
	"\xbc\xe3\xb6\x26\x84\x05\x98\x2c\x28\x41\x21\x80\xb6\xdd\xec\x01"
	"\xea\xde\x05\xbc\xd6\x0c\x38\xec\x05\x1f\x5f\x53\x7b\x7c\x47\xbc"
	"\x37\xd6\xba\xc5\xa2\x79\x00\x7b\x7b\x80\x99\x0b\x27\x04\x22\xd5"
	"\x63\x70\x1f\x31\xa4\xa1\x2c\x77\x7a\x03\xb8\x26\x1c\x33\x06\x21"
	"\xb0\x1f\x2a\xa5\xeb\xde\xca\x7a\xb9\x38\x62\x93\xfd\x43\xc3\x3c"
	"\x10\x25\xf8\xad\x9f\x4d\x88\xa8\x2a\xc3\x3e\x34\xb2\x15\xeb\x20"
	"\xf9\xf2\xe8\xe5\x09\xe3\x77\xc4\x4e\x6f\x10\xd9\x15\x84\x9f\xc1"
	"\x20\xc0\x21\xd7\xb3\x89\xb9\xa7\x7b\x07\x92\x8a\xd6\xe3\x4c\xa1"
	"\x40\x35\xf0\xdc\x16\x60\x5f\x6b\xdc\x71\xe9\x90\x1d\xb3\xca\x83"
	"\xe4\x7a\xe3\x86\x34\xeb\x78\x4a\xd0\x72\x82\xaf\xee\x93\x48\xf5"
	"\xed\x07\x18\x13\x2f\x15\x47\x78\xe6\x10\x72\x3b\xbf\x5b\x38\x93"
	"\x3e\x01\x3c\xd6\xfa\xbe\xe5\xc9\x3e\xa1\x3c\x79\xcc\x00\x85\x1b"
	"\xa3\x68\x85\xa7\x1a\xdc\x28\x74\x2c\xed\x61\xaa\xc0\xbe\xa2\xcf"
	"\xc9\x68\x66\x8e\xb3\x45\x0b\xf9\x3c\x97\x41\x84\xdd\xb9\x47\xf7"
	"\x05\x71\x0e\xd0\x8c\x2e\xe5\x34\xcf\xfa\xb7\x8e\xb5\xef\xd3\xcb"
	"\x47\x6c\x81\x52\xa2\xd4\xfb\x25\x40\xda\x54\xcb\x7c\x7f\xb5\x20"
	"\x3a\x2e\xb9\x59\xdc\x1c\xbb\xa4\xae\xf0\xf3\x98\xc1\x7a\x0b\xb7"
	"\x1d\x8e\xd7\x13\x2b\x5b\x22\x07\x11\x64\xea\x94\x15\xbf\x26\xdc"
	"\xd6\xd2\xc2\x6c\x44\x71\xaf\x28\xae\xee\x96\x0b\x75\x7d\x85\x7b"
	"\xe7\xe9\xcd\x4c\x5e\xa9\x5d\x23\xba\xa1\xd7\xf1\x4b\x26\xbd\x0d"
	"\xcb\xf1\x53\xa4\x59\x37\x79\x25\x4b\x38\x2e\xe1\xfd\x52\x27\xea"
	"\x4e\x1f\x91\x19\x71\x0f\x2b\x55\xbe\xb8\xbb\x22\x92\xc1\x59\xe6"
	"\x02\xd7\x10\xc3\x77\x69\xb5\xd0\xcd\x4d\x5c\x66\x9d\xcd\xdf\xbd"
	"\x8b\x8b\x98\x8a\xde\x5d\xe1\x56\xc9\xac\xe0\xab\xe5\x0d\xee\x14"
	"\x97\xa8\xf9\xea\x76\x41\x7c\x1d\x50\x71\xef\x6e\xe6\x38\x1b\xac"
	"\xbe\xf6\x46\xb9\x4b\x15\xbb\xbb\xbe\xbd\x22\x7c\xe5\xda\x56\x7f"
	"\x9c\x4e\xf0\x7a\x89\xec\x34\x2e\x2d\x69\x18\x76\xad\x94\x25\xbc"
	"\xee\xb6\x4a\x08\x2f\x41\xe0\x85\xe0\x40\x90\x9b\xcc\xd7\x0d\x99"
	"\x8c\x69\xc8\xfb\xd4\x11\xab\xf9\x4e\x26\x36\x6b\x06\x40\xbb\x79"
	"\xb0\x7b\x2e\x23\x92\xac\xac\x07\xb5\x37\xf1\x5d\x26\x98\x0a\x1f"
	"\x74\x00\xbd\x46\x80\x08\x1b\x0c\x77\x73\xba\xdb\xdb\x65\xfa\xb2"
	"\xf2\x02\x07\xe2\xbd\xf4\xce\x1e\xdf\xf6\x2e\xc2\x25\xd6\x68\x01"
	"\x21\x74\xbf\x14\xce\x3e\xeb\x32\x7d\x0c\x47\xab\xcc\x05\x3e\x37"
	"\x2f\xfc\x9b\x18\x3f\x17\x1b\xc6\x1f\x62\x12\x7a\x0f\xbe\xba\x7d"
	"\x77\x83\xa5\xce\xb5\x02\x77\x4b\x7e\xf4\x42\x35\xce\xf4\xe3\xf1"
	"\x7a\x15\x2b\x5a\x26\x6d\x77\x7b\x97\xd5\x42\xe1\x03\x9f\xaf\xdf"
	"\xcd\xaf\x46\x0a\xc6\xf4\x42\x7b\xfa\xeb\xf1\x65\x26\xc1\x2c\xf7"
	"\x03\xd0\x71\x5f\x66\x2f\xbf\xeb\x83\xcd\xa7\xd9\xeb\xf3\xe3\xb7"
	"\x17\xe8\xac\xd9\x97\xa7\x6f\xa7\xd9\x27\xad\x57\x9f\xfe\x80\x7f"
	"\xba\x9d\xd7\x42\xaa\xb9\xe8\x84\x04\x7d\xdb\x99\x8b\xbc\x29\x21"
	"\x7d\x48\x1c\x63\xb5\x43\x60\xcd\xe3\x2c\xad\x37\x6c\xf6\xf9\xe9"
	"\xf9\xeb\x9f\x90\x46\xee\xd3\xf7\x3f\xbf\x7d\xf9\xfe\x38\x00\x61"
	"\x78\xc7\x10\xb8\x78\x62\x30\xf4\xea\x7c\x1c\x76\xf7\xed\xf5\xf4"
	"\x65\x56\x48\x6e\x0e\x31\xd6\xd8\x32\x80\x01\x2b\x2e\x53\x84\xbc"
	"\xd7\x3b\x86\x31\xf5\x52\x50\x06\xa9\xe3\x28\x26\x7f\x7c\xfe\x84"
	"\xbd\x86\x94\xff\xfe\xc7\xf3\x77\xbd\x6c\xbd\x7c\x7f\x9e\xa9\xd7"
	"\xc7\xd7\x93\x03\x5a\x3c\xfb\x99\x57\xaa\xf8\xc5\xb1\x25\x9d\xeb"
	"\x77\x2e\xce\x35\x00\x1c\xb6\x04\xd8\x3a\xcf\x08\x9f\x8c\x63\x6e"
	"\x20\xe6\x49\x26\x4b\x77\x83\x75\xa2\xaa\x15\x29\x16\x18\x16\x87"
	"\xef\x72\xb8\x5d\xdd\xbd\xeb\x32\x56\xdb\x68\x4e\x53\xdb\xf4\xe9"
	"\xdb\x6f\xa7\xe7\x3f\x9e\x9f\xbe\xbd\x9a\xae\xfa\x7c\xf9\xdd\xdf"
	"\xe1\xb9\x8d\x4a\xeb\x46\xff\x41\xb5\x45\x9d\xef\x20\xed\xbc\x04"
	"\x60\x4c\xdf\xd1\xcf\x63\xf9\x69\x18\xcf\xac\x5e\x51\x59\xa0\xcd"
	"\xf3\x92\xd5\x76\x6e\xfa\x7a\xf8\x9d\x54\x07\x37\xe5\xcc\xb1\xf0"
	"\x24\xe0\xb7\x2f\x61\x5f\x50\x54\x41\x8a\x08\xce\x0a\x18\xa2\x86"
	"\xae\x3b\x74\x7f\x7b\xbb\xc4\x15\x4f\x22\x37\xb2\x65\xb9\x69\x51"
	"\x57\xcc\xe7\x0b\x2c\x27\x45\x5f\x8c\x68\x21\xfe\x6b\x5b\x39\xe7"
	"\x27\xcb\x31\xfe\x35\x1e\x86\xa9\x57\xbb\x26\xd5\xf5\x31\x69\x56"
	"\xac\x7b\x8a\x63\xda\x91\x45\x5f\xac\x03\xb5\xbd\xd3\x07\xab\x7e"
	"\xd2\x8e\x94\x72\xaf\xae\x6b\x52\x9f\x1b\xcf\x2e\x95\x69\xc5\x3d"
	"\x0c\x00\x05\xee\x4a\xd4\x09\x18\x98\x10\xb7\xe8\x99\x7e\x98\x5e"
	"\x82\xe0\x34\x89\x9a\x2c\xb9\x9b\x81\xd3\x3c\x9e\xf8\x79\x6c\x0c"
	"\xad\xf7\x31\x23\x02\x1d\xe0\x9d\xdb\x08\xc2\xb9\x91\x80\xbb\xb3"
	"\x2e\x55\x5e\x33\xfa\xfa\xcf\x5e\xff\xfe\xe3\x34\xfb\x59\x6b\xcb"
	"\xff\xfb\xc7\xec\xf5\xf1\x8f\xd3\x3f\x66\x3c\xf9\xa7\xd6\xd1\xbf"
	"\x38\xd7\xd1\xc3\x69\xc1\x4f\x94\x90\x35\x96\x4a\xa0\x0d\xf7\xec"
	"\x4a\x11\x02\xe7\x52\xd1\x7b\xae\xa1\xf0\x0d\xfa\x4a\xd4\x3d\xcf"
	"\x34\x15\x90\x9a\x5b\x16\x5c\xb0\x19\x4e\x5e\x6d\x36\x38\xe2\x9c"
	"\x61\x2b\x70\x55\x30\x36\x4d\xaf\x9b\xda\x61\x55\xf1\x37\xe7\xe6"
	"\x89\x5a\x8e\xbf\xad\x2f\x92\xf2\x29\x09\x69\xfe\x3f\x21\xa4\x98"
	"\x7a\x8b\x88\x56\x65\x54\xd6\x5f\x2b\xd3\xd4\xd1\xc1\x08\x19\x7e"
	"\x72\xb8\xfc\xf4\xe2\xe8\x0c\xa7\x25\xe0\x34\x2c\x17\x10\x6b\x61"
	"\xa7\x95\x46\x5e\xce\x8f\x9b\xf5\xd2\xca\xc7\x85\xae\xa7\x84\xd6"
	"\xe5\x71\x11\x91\x59\x8b\x45\x84\xd9\x0f\xba\xe5\xa1\x3b\xea\xff"
	"\xcc\x04\xa5\xdf\x94\xd5\x84\xab\x92\xe1\xea\x32\xee\x8e\x84\x3f"
	"\xc1\x20\x10\xfd\x1e\x8c\xb3\x26\xf2\x76\xc6\x78\xbc\x7a\x4c\xf2"
	"\x77\xd1\x0a\x80\xc0\xdd\x84\xc0\xdd\x75\x4c\xa0\xd8\x47\x5b\x50"
	"\xec\x77\x45\xe4\x4b\x25\x75\xab\x77\x49\x55\xe4\xfd\x00\xe7\xa8"
	"\x07\x4e\x44\x02\xac\xa8\x0d\xcd\x87\x3c\xd7\x8b\x86\xd8\xd6\x6f"
	"\x98\x51\xc0\xa5\x38\x50\xee\x8e\x67\x99\xc8\x76\xf8\x2c\x13\xef"
	"\x8a\xba\x5d\x4e\x09\x2c\xe2\xd3\xb3\x60\x4d\x5b\x6f\x25\x35\x3b"
	"\x77\xa9\xca\x78\x32\xd2\x6b\x96\x4c\x38\xaa\x79\x12\xfd\x9d\x1c"
	"\x56\x42\x97\x1c\xb8\x9e\xe4\x31\x3f\xc1\xb3\xe8\x36\x38\xc0\xb9"
	"\xef\xe0\x45\x32\xa5\x68\xa1\x08\x6b\xdf\x0a\x16\xbf\x0b\x03\xbc"
	"\xe0\x46\x6f\xc8\xf4\x56\x8c\xb0\x87\xd9\xee\x2b\x89\x40\x92\x7e"
	"\x65\x3d\x2e\xe7\x77\xf3\xc8\x6c\x4a\x77\x2d\xd8\x24\x6c\x96\x8f"
	"\x88\xc2\xae\x63\xda\x5c\x6f\x4a\x64\x15\xe5\xb3\x39\x91\x17\xd3"
	"\x36\xa2\x15\x91\xd9\xa8\x1e\x8a\x9b\x25\xbf\xd5\x7a\x6b\x41\x0b"
	"\x6d\x75\xff\x4b\x0e\x29\x72\xaf\x62\x42\x6c\x4a\xcd\x26\x7c\x79"
	"\x77\xf3\x57\x64\x66\x42\x5d\xee\xde\x5d\xd3\x12\x87\xe4\xdd\xfc"
	"\x2e\xd2\x1c\xfa\x44\x6e\x77\x2d\xc5\x84\xfe\xab\x8b\xdb\xab\xab"
	"\x39\xcd\x1f\x96\x33\x3d\x37\x0a\x2e\x23\x9a\x3c\xc9\x68\x5e\xa5"
	"\x12\xfb\x59\x59\x70\x6b\xe1\x5e\xa4\xd7\x60\xc0\xc4\xe6\x57\xe0"
	"\xc0\x3e\x68\x94\x04\x33\x2d\x16\x84\x69\x93\xba\x12\x3e\x5b\x81"
	"\x0b\x73\xb1\xdd\xba\x87\x85\x0b\xcf\xbf\x4b\x24\x36\x8b\xae\x04"
	"\xe5\xd1\x63\x5e\x93\xfa\x57\x9b\x83\x78\x6f\x36\x2d\x58\xc9\x36"
	"\x7a\x57\x0d\x3f\x70\x0d\xa0\x1f\x30\x53\xdc\x01\xf8\x3e\xa7\x56"
	"\xf5\x4f\x34\x9a\xae\x4a\x56\xab\xac\x6a\x83\x37\xb6\x99\x2c\x61"
	"\x4b\xbb\x97\x90\x24\x8b\x72\xa4\x81\x37\x91\xb9\x24\x13\xc8\xe3"
	"\xcc\x28\x16\xc4\x0f\x11\x37\x54\x9a\x4b\x8e\x49\xcd\xfb\x20\x9a"
	"\x8a\x2c\x15\x4b\x1d\xe0\xf7\x24\x7e\x3f\xa3\x59\xd6\x2f\x22\xe8"
	"\x87\x34\x67\x41\x28\xcd\x85\xa7\x4f\xbd\x1e\x88\xc8\x99\xd4\xa5"
	"\x82\x07\xe5\x8c\xe3\x5d\x5c\x2e\x40\x72\x98\x6b\x15\x45\x49\xc0"
	"\x61\x6d\x43\x62\x2c\x5c\xde\xcc\xf6\x6b\x4a\x82\x95\x49\x53\xe9"
	"\x15\x76\x90\x6c\xf5\x41\x4a\x9f\x60\x2b\xb8\xf6\x3e\xe7\x06\x33"
	"\x09\x62\x13\x62\x64\xfa\x21\x7a\x67\x5c\x4d\xc2\x42\x9d\xee\x54"
	"\x00\x3c\x6e\x4d\x1b\x42\x88\xd9\x7c\x79\x77\x3d\xfb\x39\x7d\x7a"
	"\x3e\x1d\xf4\x9f\x5f\x30\x13\x5c\x2a\x1b\x01\xde\x8b\x78\xd9\x3d"
	"\xb3\x2b\x2b\xf5\x80\x47\x72\xf4\x4e\x0e\x6e\x3e\xd8\x20\x2d\x82"
	"\xef\x00\xb9\xae\xca\xc4\x8b\x53\x30\x66\x7d\xdf\x93\x72\xb3\xd3"
	"\x9b\x49\x2f\x11\xd6\x40\x8c\xe8\x59\xb1\xdd\xb1\x5c\x7e\x10\x74"
	"\xcc\x2c\x71\xa3\x21\x23\xf1\xc1\xad\x60\x05\xe5\xdb\x46\xc2\x2f"
	"\xec\x8f\x14\x07\x6e\xf7\x09\x3f\x94\x0d\x81\xf7\xa0\x5f\xa4\x04"
	"\x19\x55\x0a\x47\xc4\x8a\xf6\xe6\x82\xd8\x1d\xb2\x6d\xc0\x84\x33"
	"\x66\xdb\x54\x39\x65\xb3\xb6\xc1\x49\xb2\xce\x31\xc7\xa7\x76\xe7"
	"\x05\x54\xe8\x9f\xdd\xde\x7c\xf0\x46\x1f\x94\x3b\x14\xf2\x68\x6f"
	"\x03\xf8\x2f\xf5\xc8\x83\x5b\x47\x37\x99\x56\x89\x5c\x31\x19\xcf"
	"\xba\x8b\x79\xf4\x93\x6f\x92\x4b\x9e\x5e\x5e\x9f\x9f\x7e\xfd\xf1"
	"\x7a\xfa\x34\x53\x7f\x3e\xbd\x7e\xfc\x7d\xc6\x2e\x99\x26\x11\xef"
	"\xf4\x21\xaa\xcb\x1f\xb1\x5a\x41\x25\x55\xd3\x2d\x83\xcd\xe1\xbe"
	"\x6a\xa8\x2d\x4d\xfb\x50\x67\x55\x45\xc5\x2b\xf6\xe5\xb1\x84\xd5"
	"\xad\xaf\xb2\x7a\x12\x98\xc1\x9a\x34\x98\x85\x48\x01\x7a\x41\xf2"
	"\xfc\x7c\x45\x3b\x5f\xce\x8f\x13\x0f\xe5\xfa\xec\xa5\x75\x1e\xf7"
	"\x3a\x5e\xe5\x92\x57\x14\x28\xdb\xe5\xd1\x56\xf8\x40\xec\x8c\x0b"
	"\x6a\x6b\xda\x9b\x7f\x5b\x35\xd5\x88\x82\x7d\xf0\x0b\xd5\xda\x10"
	"\x0d\xaf\xc3\x9e\xf5\xd4\x82\xfe\x79\x3b\x9f\xcf\xc9\x9b\xd6\x1a"
	"\x86\xd0\x12\xdf\x5f\xea\x67\x3b\x7d\x42\x17\x51\x66\xef\x5a\xc8"
	"\xf9\x44\xb5\xb4\xea\x29\xf5\xae\xca\xab\xdb\x36\x3d\x24\x13\x8f"
	"\x35\x1c\x1d\x77\x0c\xfa\xa2\x52\xfe\xde\x2b\x27\x9a\xd1\xe6\x73"
	"\x92\x21\x48\x0e\xf5\x09\x8f\xa4\xb6\x18\xea\xb6\xd3\xdb\x09\x46"
	"\x05\x7c\xb3\x44\x04\xc9\xe3\xb4\xfa\x5a\xc7\x7b\xc1\xe2\xbb\xfb"
	"\x33\x6d\x7d\x7d\x4d\xec\x1f\x0b\x50\xa1\x84\x11\xae\x3c\xe2\x7d"
	"\xc4\xa9\x21\xdb\xca\x4d\x55\x2e\xc9\xc2\x8e\x94\x13\x60\x2b\x8a"
	"\xf0\xa2\xcb\x7d\xb0\x9d\x6c\x30\x0f\x70\xe3\xd6\x25\x8b\x3f\xc3"
	"\xd9\x5e\xee\xbc\x2e\x6a\xb3\x5d\x09\x7e\x98\xba\x6d\x5d\x8d\x5f"
	"\xc7\xb9\x22\xfb\x69\x91\xf5\xe6\x38\x29\xd3\x10\x32\xb9\xdc\xee"
	"\x64\x42\x1c\x17\x07\x66\x50\x09\xa4\x95\x99\xc8\x95\xbf\x2b\xef"
	"\x49\x5d\x3b\x27\x2c\xb3\x3d\x7b\x19\x67\x5f\x4f\xb0\x27\x6b\xa6"
	"\x0f\x98\x95\xaf\xb3\x88\x31\x95\x4c\x2a\xb1\xc4\x5f\x02\x6c\x0e"
	"\xa5\x9c\xcc\x74\x35\x3c\x15\xa6\x0b\x48\xf2\x05\x61\x48\xd7\x9f"
	"\x0b\x12\x8b\xc4\xcb\x83\x5c\xd2\xc2\x0b\xd7\x5b\x8b\xc5\x64\xdd"
	"\xc5\x07\x9e\x49\xcf\x5d\xd7\x52\xba\xb2\x56\xfd\x91\x09\xfc\x19"
	"\x3b\x31\x5d\xd2\x91\xf9\x59\x63\x17\xc4\xe8\xd9\x1f\x37\x13\x4d"
	"\xc9\xf4\xe1\x09\x96\x33\x6f\x51\xc9\xe4\xf1\x26\x4b\x16\xdd\x86"
	"\xca\x10\x03\x4f\xe9\x13\x04\xcd\xae\xaf\xae\xc9\x95\x25\x2b\x15"
	"\x45\x07\xfc\xa0\x94\x64\x92\xda\x4b\x33\x97\x13\xcd\xf4\xfa\x3d"
	"\xab\x03\xe3\x0b\xf2\xc0\x8e\x1d\x84\x44\x97\x98\x21\x24\xef\xf2"
	"\x19\x29\x53\x0e\x30\x22\x1c\xc2\x6b\x66\xb3\xa6\xe8\x84\x22\x92"
	"\x47\xea\x11\x72\x91\x36\x1c\xaa\xb8\x6b\xaa\x66\x9a\x41\x3c\x93"
	"\x16\xf3\xab\xfb\x78\x8f\xca\xdb\xc5\xcd\xd1\x9b\x34\xef\x8b\x89"
	"\xc1\x59\xb0\x66\x2f\x72\xaf\xaf\x8b\x7d\x41\xa9\x4a\x75\x8f\x0e"
	"\x76\x75\xff\xb0\x40\xbf\x63\xa1\x8b\x66\x65\xe5\x55\xa9\xc8\x8f"
	"\x7a\xe0\x12\x36\x62\xe0\x91\x47\x49\xcd\xbd\x89\x72\xd5\x21\xca"
	"\x4e\x0f\x13\x7d\x21\x79\xe3\x0f\xbb\x7b\x75\x7b\x7b\x8d\xaf\xda"
	"\xc0\xba\x99\x47\x58\xfa\x8d\x39\xc1\xfe\xa0\x4b\xa5\xe2\x9d\x83"
	"\xfa\x54\x23\x85\x56\xf2\xc5\xed\x7b\xc2\xa7\x52\x33\x8f\x8b\x6b"
	"\xcd\x9d\x98\x7a\xc5\x43\xe3\x59\x7d\xe1\xf7\xfc\x8a\x70\x29\x4f"
	"\x05\xcb\xcb\x89\x5d\x7c\xc9\xf4\xc6\xba\xf0\xca\xec\x49\xf8\x8e"
	"\x4d\xdd\x2e\x6f\x17\x13\x95\xd4\xff\x6c\xaa\xb2\x2a\x82\xe4\x36"
	"\x13\x0b\xd1\xed\xd2\x8f\xbb\x2c\xc5\xe2\x7e\xba\xab\xcb\xbd\xde"
	"\x01\x78\x1b\x64\x93\x94\x3e\x11\x68\xfa\x49\xe7\xc1\xea\x5e\xfa"
	"\x27\x9e\xac\xa2\x76\xe3\x7d\x6a\x53\x51\x6e\xa4\x9f\xb0\x27\xd3"
	"\x67\x0e\xfd\x99\xd1\x9e\x7a\x10\x10\x8d\x92\xca\x89\xb3\x9b\xb5"
	"\x44\x7b\xd1\xed\x39\x5b\x52\x37\x56\xdb\x9c\xdc\x73\x6e\xf3\x0d"
	"\x79\x5c\x3f\x8a\xb2\x23\x9f\xfb\x7f\xca\xae\xad\xc9\x71\x14\x59"
	"\xff\x95\x7a\xdc\x8d\x38\xbb\xa3\x8b\x25\xcb\x0f\xe7\x01\x4b\xb2"
	"\x4d\x5b\x17\x4a\xe0\xb2\xaa\x5e\x14\x35\xdd\x15\xd3\x1d\xdb\xb7"
	"\xe8\xee\x89\x98\xf9\xf7\x4b\x82\x64\x0b\x99\x04\xef\xc3\xf4\x94"
	"\xc9\x4f\x5c\x04\x02\x12\x32\xbf\x2c\x3d\xda\x04\x1c\x7f\x8c\xbe"
	"\xe5\x33\xe3\x42\xb2\x06\x0a\x02\xcc\x06\x48\x1b\xed\x2f\x96\xc0"
	"\xb9\xea\x6f\x9d\x74\x80\xe4\x5c\x94\xc6\x66\x24\x0b\xe3\x0d\x72"
	"\xad\x0a\x22\xd1\xda\xa7\xbb\x2e\x0b\xd3\x8d\xbb\x59\x9d\x5c\x31"
	"\x39\xe1\xf6\x8a\x14\x46\x8f\x74\x69\xb0\xf2\x0c\xf9\x0e\x28\x46"
	"\x8c\x7d\x87\x4e\x71\x3f\xc5\x49\x2d\x37\x55\xc6\xf5\x3d\x57\xea"
	"\xa1\x77\xf4\xf2\x72\x1e\xc3\x7b\x2e\xa0\x95\x49\x47\xc1\xf3\x4d"
	"\x14\xc4\xa1\x27\x3b\x6a\xda\x02\x50\xbe\xc1\x6e\x60\x28\x0f\x37"
	"\x9e\x97\xc1\xdb\x8a\x74\xbb\x8a\x98\x67\x0a\x1c\x39\x26\x93\xe9"
	"\xe0\xe8\x95\xfb\x4e\x39\x78\xcd\x8d\x5e\xe1\x75\xbe\x09\xed\x9f"
	"\x49\xc9\x68\x6e\xdf\xc5\x40\x26\x9b\xd0\xa4\x93\x98\xd2\xc6\xc0"
	"\xf4\x6d\x7b\x44\x6e\xaf\x00\xb7\xf2\x4d\x7e\x5c\xa8\xd9\xdf\x28"
	"\x40\xd4\x40\x88\xe9\xef\x54\xf3\xdc\xeb\x40\x18\x7b\xae\xe5\x37"
	"\x81\xed\xc6\xf7\x25\xc6\xfd\xc1\x39\x6d\x90\x09\x9c\x9e\xdc\x95"
	"\x10\xe5\xe1\x64\xde\x2c\xea\x14\xcf\x53\xe6\x13\x74\xc8\x99\x5c"
	"\xd3\x09\x72\x82\x28\x70\x0a\xae\x31\xbf\x27\x73\x4e\x97\x3f\x87"
	"\xee\x40\x1b\x7b\x76\x20\x05\x77\xf4\x7c\x71\xbe\x7e\x9b\xed\x99"
	"\xbe\x34\x66\xe4\x4d\x9d\x32\x9c\x13\x6c\x9f\x7a\x01\xc4\xbe\xb5"
	"\x99\x3f\x37\x2d\x93\x5a\xbc\xa1\x4c\x9d\xf3\xa1\xaf\x50\x5d\x61"
	"\x57\x14\x14\xd3\x12\x18\xb5\xde\x8a\x49\xb5\x52\x1f\x8d\xcf\x4e"
	"\xc6\x21\x71\xe9\xca\xa4\xd2\xf2\x1a\x5c\x7c\xb0\xd2\x35\x86\x8a"
	"\x2d\xc1\x1c\xad\xc7\x8c\x87\xfa\xd4\xe3\xfe\xca\x06\x0a\x1c\xfb"
	"\xba\xd2\x91\x9d\x47\x3d\x52\x98\x36\x87\xf3\x41\x5c\x3e\x9e\x1c"
	"\x58\xde\x0f\x3b\x3c\x57\x74\xe6\xcd\xcf\xcf\x32\xc5\x70\xca\x2f"
	"\x0b\xb0\x0f\xdc\xc3\x15\x9c\x14\xdd\xba\x1a\x50\xfa\x00\xe9\x37"
	"\xb4\x23\xc6\x19\xde\xe2\xc9\xd9\xe1\x9c\x3e\xb0\xc3\x01\x22\x0b"
	"\xe2\x1e\x15\xcb\x0e\x03\x6b\x15\x97\x3c\x5b\xbb\xe4\xe3\x99\x17"
	"\x0a\xc8\x69\x4e\x0a\xbc\x7a\x72\x13\x2e\x68\x83\xcb\x0b\x22\x47"
	"\x9e\x23\xfb\x82\xc9\xed\xe1\x2a\x73\xcb\xd3\xf5\x52\x7e\xb9\x15"
	"\xea\x4b\xf5\x6e\x0d\xdb\xaa\x5c\x19\x35\x62\x39\x2a\x85\x73\xe8"
	"\xcf\xe4\x19\x85\x54\x60\x02\x23\xc2\x20\x0c\x73\x1c\x03\xc4\x18"
	"\x88\x6c\xd4\xb4\xbc\x72\xb9\x0f\xc7\x31\x4a\x43\x41\xda\x7d\x51"
	"\x17\x96\x6d\x57\x02\xd8\x8b\xa3\xf9\x36\x8a\x52\x83\xe0\x95\x7b"
	"\x74\x3e\x3e\xee\xb8\x70\xb9\xdc\xc4\x4c\x15\x43\xd7\x44\x5c\x28"
	"\xa4\x2a\xdf\x33\xc4\x3d\xba\x23\x72\xee\xa4\x39\xde\xb5\x4f\x70"
	"\xa1\xca\x4b\x54\xae\xf9\xc5\x86\xbd\xfc\x64\xa3\x0e\xfe\x75\xbd"
	"\x79\xa9\xda\x6d\x36\x49\x6d\x3b\x0e\x65\x6c\x66\xf2\x2b\x7f\x0c"
	"\x5b\x5e\x98\x21\xa6\x21\xb1\x28\xc1\xe7\xb1\x34\x13\x97\xa4\x48"
	"\x90\x56\x33\xb6\x40\xa9\x5b\x6d\x93\x5a\x40\x26\xb7\x06\x4a\x98"
	"\xc5\xb5\x26\x8b\xb5\x4a\x99\x07\x72\x82\x04\xd6\x70\xb3\x9c\xc9"
	"\x32\x73\x96\xa4\xfc\xcf\x35\x03\xd4\xfc\x8a\xc6\xa6\x8a\xf1\xea"
	"\x30\x7b\x18\x1c\x60\x34\xcf\x1d\x58\x87\x9b\x2e\x23\x52\x94\x13"
	"\x91\xa3\x8e\x33\x47\x72\xc6\xce\xb7\x40\xcc\xca\x3d\xe1\x27\xdb"
	"\x15\xd1\xc8\xb5\x94\x85\x49\x60\xd6\x44\x27\x46\x66\xa2\xdc\x44"
	"\xac\xb3\xbe\x37\x13\xe5\x7f\x86\x7a\x31\xb5\x83\xf4\x59\x16\xae"
	"\x7b\x4c\xb0\x19\xc2\x75\x46\x6e\xa5\x79\x91\xab\x1b\xa4\x65\xfb"
	"\x47\xd9\x50\x96\x35\xd2\x8e\x09\xd1\xe4\xb5\xed\x61\x7d\x86\x36"
	"\x21\xd0\x77\x35\xe5\x52\x6f\xa9\x1b\x54\xd4\x9b\x14\xb1\xf3\x99"
	"\x20\xbc\xdb\xac\x91\x4d\xce\x0c\x92\xf9\x20\xf2\x8b\x5f\x27\x88"
	"\x7e\x3a\x07\x6d\x7c\xa0\x7d\x95\x46\x01\x71\xbc\xbe\x06\x66\xed"
	"\x2c\xb0\xbd\x3e\x58\x13\xb6\xce\xdc\xeb\x9c\xaf\xb3\x38\x70\x64"
	"\xdf\x41\xdc\x73\xb9\xdf\xe7\xc2\xda\xef\x10\x68\x9c\x97\x93\x4d"
	"\x85\x0b\xb2\xac\x20\xa9\xe8\x50\x27\x69\x8c\xbb\x96\x91\x26\x5a"
	"\x47\x58\xdd\xb6\x65\x75\x9c\xdb\x29\xa9\x07\xba\x5a\x4e\x20\xa7"
	"\x7e\x59\x54\xc9\x78\xdb\x44\x59\x96\xe1\x1f\x63\x1e\xd9\x15\xb6"
	"\xa9\x1d\x2f\xe4\xd4\x9d\xb8\x75\x80\xf7\x59\x14\x87\xc1\xe0\xfa"
	"\x98\x01\x77\x24\x55\x8d\x98\x8e\x4d\x90\x47\xb9\x08\x9d\xcf\x88"
	"\xf5\x02\x80\x0e\xbc\x75\x66\x20\xd7\xf9\x24\xec\xf1\x01\x4e\xd9"
	"\xc1\x55\x4d\x4e\xcb\xae\x23\x03\x76\x48\x0e\x90\xa7\x2a\xf5\x0c"
	"\xfd\xfc\x20\x55\x69\xdb\xab\x3c\x2f\x74\xee\x0b\x6b\xd7\xb9\xe0"
	"\x08\xfc\x7a\x77\x5f\x2f\x8e\x3c\x64\x4a\x16\x85\x36\x85\x9d\x88"
	"\xc3\x35\x86\xb9\x2d\x2f\xd3\x06\x02\xe0\xb8\x59\x0b\x48\x81\x4b"
	"\xab\x78\x6e\x88\x5c\x23\xb5\xab\x07\x24\x28\xea\x2d\xec\x91\xe4"
	"\x88\x4b\x90\xc3\x3a\x29\xdb\x1c\x87\xc3\x8c\xe1\x54\xa7\x2c\x5b"
	"\xa2\x53\xb7\x22\x6f\xcb\x7e\xc6\xbb\x35\x2f\x63\x73\xc4\xf3\x9f"
	"\xf3\x1c\xe4\xa4\xab\x36\xe1\x3a\xb8\x4d\xb9\x61\x2e\x1d\x93\xcf"
	"\x2c\x37\xfd\x79\xc6\xf4\xc3\xb9\xb3\xda\xe8\xc9\x42\xd3\x63\xb5"
	"\xa8\x9e\x4c\x19\xb8\x9d\xf2\x75\x94\x2e\x98\x1f\xc7\x54\x67\x27"
	"\x01\xc0\x45\x86\x35\x42\x80\xc5\x0c\xb7\xca\x25\x5d\x92\x44\x31"
	"\xa2\xdf\xca\x69\x38\x0c\xb0\xbc\x17\x57\x17\xd7\xc7\xf2\x26\x4e"
	"\xad\x7e\xe4\xe6\x88\xac\xcb\xc5\x5b\xaa\x11\x96\x42\x22\xd6\x69"
	"\x9e\x04\x3d\xc2\x58\x3c\xcf\xd5\x7e\xb3\x8f\xdc\xb7\xaf\x62\x87"
	"\xd9\xba\xe2\x1f\xc1\x54\x51\x10\xee\xec\x67\x98\xf3\xda\x4c\x57"
	"\xb8\x16\xd1\xcd\x6d\x18\x65\xe7\x08\x3b\x68\x00\x59\x84\xc9\xce"
	"\xd5\x6a\x93\x26\x98\x2c\xde\xac\x50\xd9\x99\xee\xa8\xa7\x05\xca"
	"\x93\x8c\x53\xa3\xa6\xb0\x2c\x12\xfb\xd6\x5d\x6e\x87\x6a\xc4\xd2"
	"\x91\x25\x2b\x0b\xe3\xc3\xcc\x8d\x99\xf2\xda\x1a\x07\x64\x5e\x9d"
	"\xeb\xcd\xd6\x95\x48\xaf\xec\x04\xe1\x0b\x72\x3d\x95\x36\x60\xfb"
	"\x80\x0b\x80\xe3\xe6\x03\x13\x02\x39\xc5\xbe\x00\xf0\x0f\xf4\x02"
	"\x01\x9e\x3b\x37\x02\x4c\x72\x81\x18\xcb\xae\xa5\x40\x37\x21\x36"
	"\x60\xf5\xb9\xca\x8e\xbe\x77\x56\x16\x94\xe8\x85\xe4\x42\x07\xb3"
	"\x96\x1b\xc2\x93\x7d\x60\x76\xc4\x54\x47\x3a\x11\xf5\x26\x19\xb1"
	"\x4c\x59\x05\x01\xc6\xfc\x2b\xa5\x89\x4b\x9a\x86\x8e\x27\xb3\x9b"
	"\x27\x8d\x5c\x0d\x3e\xd0\x4e\xac\xe3\x45\x02\x3c\x6f\x4f\x92\x7f"
	"\xc5\xf1\x5c\x21\x30\x24\x09\x2e\x59\xc7\x76\x49\x82\xe6\x96\x20"
	"\xb9\x9d\x9a\x63\x63\x38\x8c\x6a\xd1\x60\x1c\x4a\xe9\xb7\x0d\x69"
	"\xc3\xb2\x21\xbd\x03\x7b\x61\x55\xb3\x09\x97\xde\x22\x33\xd1\x0d"
	"\x41\xa1\x16\x61\x36\xec\xc6\x38\xb9\xbd\x91\x51\xaa\x58\x16\x58"
	"\xbb\x0f\x24\xeb\x79\x1d\x54\xc2\x62\xcd\x95\xa9\xb0\xbe\x2e\xeb"
	"\x54\x01\x1f\x4a\x5e\x22\x83\x46\x49\xb9\x53\x5a\xe0\xd2\x75\x14"
	"\x13\xa7\x74\xeb\xc8\x39\xcb\x4a\x67\xb9\x0e\xa9\xdc\xc7\x91\x12"
	"\x7b\x53\xb2\xb5\x27\xe3\xad\xc0\x14\x70\x93\xb0\x1c\x21\x3a\x51"
	"\xf5\xdd\xe2\x45\xcb\xfc\x6e\xf6\x54\x20\xe8\xfb\xfe\x74\x9b\x22"
	"\x47\x2a\x50\x45\x94\x33\xaa\xbf\x4c\x0a\xc8\x69\xd9\x7d\x59\x79"
	"\xfa\xff\x2f\xf3\x66\x9d\x4d\x65\xc3\x36\x6a\xb8\x71\x1b\x20\x7f"
	"\x0e\x9b\xd0\xb7\x55\xe0\xc6\x66\x2f\x3f\x87\xf8\x56\xdb\x7e\xe9"
	"\x70\xae\xc2\x08\xb9\xd7\x07\x11\xa2\x8c\x4a\x51\x86\x8a\x96\x36"
	"\x09\x96\x3a\xbc\x3c\x17\xf3\x4b\x44\x98\x03\x5e\x0a\x59\xf7\x19"
	"\xa9\x2b\xfc\x0e\xc3\xce\x30\xbe\x9f\xd2\xee\xfa\x0a\xd5\xa1\x72"
	"\xd9\x34\xc4\x24\x41\x6f\x60\x73\x02\xec\xe3\x5d\xa5\xb8\xa2\xdc"
	"\x5c\xa9\x87\x33\xa7\xb5\x57\x1b\x1e\x35\x99\xeb\x26\x8f\xc3\xd2"
	"\x56\x03\x4d\xa4\xa2\x57\x34\x77\xc9\x20\xd5\x13\x8f\x35\x60\x50"
	"\x31\x28\x43\x70\xf3\x1a\x10\x1e\xc2\xcc\x29\x39\x38\xce\x91\x34"
	"\xda\x04\x6e\x40\xec\x02\x80\x01\x9a\x3a\x15\xc5\x21\xa3\x76\x31"
	"\x14\x27\x52\x2d\xa3\x82\x18\x48\xbb\xa0\x72\xb9\x0b\x80\x54\x9d"
	"\x90\x61\xf6\x2c\x00\x38\x68\x45\xc1\x01\x82\x6a\x82\x93\x20\x62"
	"\x3f\xaf\x86\xc7\xae\x24\xca\x1d\xaf\xeb\x87\x33\x39\xc2\x05\x98"
	"\x6d\x9b\xa0\xb2\x3a\x09\x5a\xcd\xf5\x1e\x48\xdb\x97\x4d\x65\x5e"
	"\xb2\xc9\x57\xb2\xdc\x2e\x6a\xa2\x95\xaf\xaf\xbf\x7f\x7e\x7b\x38"
	"\x7f\x02\xca\xc1\x7f\x8c\x81\x33\x3e\x7d\xfd\xe3\xe1\x9b\x66\x35"
	"\xfd\xe7\xc3\xaf\x6f\x12\xfd\xf6\xf0\xeb\xe3\x84\xb2\x5c\x9c\x60"
	"\xea\xff\x53\xdd\x83\x39\x35\xe2\x3b\x5d\x58\x5c\x50\xbe\x7e\xff"
	"\xf3\x17\xca\x31\xa0\x88\x77\x67\x2c\x0f\xf0\x73\xb1\x04\xe9\xb4"
	"\xdd\x0e\x86\x76\xb5\x08\xf0\xa5\x65\xe0\xc3\x80\x0d\x0c\x8d\xe0"
	"\x8a\xd8\xfb\x58\x23\x9b\x64\x0d\xaa\x89\xe8\x68\xbf\x04\xa9\x46"
	"\x9c\x7e\xbe\xfd\xf8\xfc\xfa\xf5\x83\x19\xad\x60\xf9\x7c\x2b\xd5"
	"\x72\x77\x3d\xde\xb5\xcf\xf6\xb8\x36\x5a\x5c\x3e\x2d\x28\xe8\xa6"
	"\x64\x6c\xfc\x6a\xf9\xb1\x7c\x06\xee\x3c\xe1\x86\xc8\xe5\x66\xdb"
	"\x22\xdd\x83\xf1\xe4\x5e\x1e\xde\xb6\x0b\x67\x9c\x29\x6d\x90\xca"
	"\x9d\xdd\xfe\xea\x0a\x60\x49\x82\x9c\x79\x2d\x40\x36\x2b\x90\x2b"
	"\x44\x1c\xb7\xf6\x2a\x3c\x8a\x30\x40\x58\xa9\x66\x98\x28\x4c\x3d"
	"\x98\x62\x0c\x7d\xd4\xa5\x59\xe2\x46\x56\xc7\xe3\xb6\x70\x55\x16"
	"\xee\x5f\xad\x75\x05\x81\x1a\xb0\x48\x60\xc0\x0b\x50\xc8\xa9\x73"
	"\x15\xa6\x5e\x50\xb6\x0a\x3d\xef\x56\x8f\x6b\x4f\x83\xea\x2c\x46"
	"\xce\x1c\x0c\x4c\x1c\xfb\xca\xea\xd7\x71\xb2\xf1\x80\x72\xee\x01"
	"\xb0\x4e\xae\xb8\x6e\x4c\x53\x9e\x05\xb2\x6c\x5c\x30\x10\xfd\x0a"
	"\x66\x6d\x4f\x71\xa3\x65\x8f\x07\x24\xda\x33\x39\x93\x67\x0f\x4a"
	"\xea\x14\x5b\x4f\xcf\xb6\x72\x86\x59\x79\xfa\xb5\x8e\x06\xd1\x9e"
	"\xf2\x03\x16\x5a\xec\x82\xec\x85\xb7\xbc\x9c\xb0\x30\xec\x3d\x03"
	"\x60\x8b\xdc\x6b\xcc\xa6\x36\x74\xda\x92\xb3\x1a\x17\xd4\x64\x7e"
	"\x9e\xd2\x06\xd2\x10\x2c\x36\xef\x15\x13\x17\x1e\x00\x62\x79\x71"
	"\x01\xe4\xed\x16\x71\x7f\xbd\x40\xf6\x3b\xc4\x54\xfe\x8a\xe8\x90"
	"\x20\xd1\x06\x62\xa8\x7d\xa0\x13\x95\x9f\x77\x8d\x10\x18\x5e\x60"
	"\xea\x20\x87\xe4\x1e\x14\xa7\x45\x79\xa6\x0d\x16\x2b\xfd\x82\x13"
	"\x35\x32\x0f\x5f\xcb\x53\xb6\x96\x6e\x8c\xd4\x58\x3b\xda\x7a\x8a"
	"\xaa\xc9\x5e\x19\x1c\x7b\x2a\xce\x48\x5e\xb6\xdd\xf6\x0e\xd4\x96"
	"\x20\x36\xbc\x57\x18\x04\x26\xf2\xbe\x82\x33\x2d\xe4\x0f\x37\xe8"
	"\xe5\x50\x36\x87\x93\x67\xa8\x10\x9e\x04\x61\xe8\xc6\xc0\x52\x7e"
	"\xb2\xc6\x3d\xbc\x40\x7a\x46\x66\x1a\x9b\x91\x2c\xf7\x33\x98\x64"
	"\x79\x02\x70\x91\x32\xae\xe4\xd8\x01\x98\xfe\x16\x55\x60\x77\x81"
	"\x7e\xaa\x6a\x52\xe1\x79\x57\x96\x33\xcd\x61\x96\x08\x6e\xe8\x0c"
	"\x02\x80\x98\xdc\xd8\x73\x04\x29\xf8\x3a\x43\xd8\xf0\x4c\xdc\x3a"
	"\x5b\xaf\xef\x83\x6d\xfc\xb0\x2e\x94\x9a\xd1\x92\xa2\xce\x0e\x85"
	"\x63\xeb\xa1\xee\x85\x1f\x79\x92\x6b\x31\xed\x73\xda\x79\xa1\xdb"
	"\x53\x14\x06\x61\xec\xc5\x81\x01\x46\xdb\x94\x03\xcd\x9b\x2c\x46"
	"\x56\x66\x03\xff\x9c\xe5\xa2\xde\x87\xc8\xa1\xbe\x09\x15\x82\x33"
	"\x5c\x0d\xb9\xc5\xae\xee\x03\xc3\xad\x12\x43\xfc\xfc\xe7\xb8\x03"
	"\xa9\x19\x3f\xd0\x3b\x72\x2c\x4b\x41\xfd\xa0\x3d\xa9\x48\x7f\x27"
	"\x0c\xa8\x55\x29\x62\x5d\x39\x47\xef\x4e\xef\xa8\xe0\x27\x2f\x6e"
	"\xdf\xb6\x05\xf5\x17\x4e\x2b\x2a\xfb\xdd\x8f\xdb\x9f\x9a\x97\x3b"
	"\x5e\xcb\x51\xec\xa2\x30\xf2\x7f\x14\x25\x36\xbd\x9a\x20\x7f\x97"
	"\x9d\x09\x58\x80\x9d\x51\x5a\x91\x5b\xec\x3d\x5f\x98\xdc\xe5\x85"
	"\x61\x76\x47\x96\x72\xa7\x97\x60\x9e\x43\x06\xae\xe6\x61\xb8\xf2"
	"\xc3\xca\x6a\x07\xc7\xf7\x94\xdd\x81\x55\x3f\xfc\x1d\x5c\xf7\xe9"
	"\xa9\x1a\x04\xf7\xb7\x9a\x36\x65\x4f\xfd\xaf\xbc\x3e\xae\x11\x9e"
	"\x5a\x63\x9e\x2d\x9b\x1a\x48\xa7\xfd\xbd\x5c\x48\xe5\x57\x24\x7d"
	"\xe0\x9f\x71\xd5\xdf\x1d\xdd\x1f\xc4\x7d\xd0\x33\xf5\x0f\xb2\x3b"
	"\xa7\xc7\x73\x21\x94\xad\xe3\x3d\xa3\x47\x1f\xb8\xd4\xac\xe5\x54"
	"\x94\xf7\xd5\x94\x4a\xed\xcd\x3f\xf7\xca\x4e\x54\xd3\x44\x7b\x0f"
	"\x32\x0a\x82\xd5\x9d\xb8\xe4\x4e\x9c\xff\xbb\xee\xea\x01\xb9\xae"
	"\x9f\xa3\x38\xad\x4a\x52\xdc\x01\xe3\x77\xbd\x6f\x2e\xc2\x28\x8e"
	"\xee\x80\xd5\xbb\x7b\x2a\x77\xea\x56\xc1\x3d\x28\x60\xbb\xc4\x89"
	"\x67\x0d\x70\x9f\xa5\xc9\x1d\x9d\xc1\x78\x9a\x04\x6b\xff\x64\xfc"
	"\x52\x8a\x34\x8a\xfc\xe3\xe5\x05\xdf\x11\x1b\x9d\xd6\x1e\x6a\xbd"
	"\xfe\xdf\x91\x27\xf7\x7f\x7b\x07\x88\x62\xa5\x36\x0a\xd8\x99\x8d"
	"\x91\x21\x2c\xce\xca\xf4\xb2\xe0\xfd\xff\x80\x16\x88\x42\x67\xb4"
	"\x8c\x3c\x17\xf4\x54\xdf\x5d\x17\xe7\xf8\x60\x04\x62\x61\xd7\xe2"
	"\xe8\x8e\x75\x3a\xc3\x82\x89\xa6\xa2\xa2\xb2\xd1\x8a\xa8\xcf\xbe"
	"\x7b\x1c\x4e\xac\x00\xd8\x63\x7b\xbb\x21\xd5\xb9\x34\xe5\x79\x00"
	"\xd3\x2f\x00\xc3\xc9\x2a\x96\x99\x46\x2b\xd6\x55\x83\x3a\x55\xb3"
	"\xd0\xb2\x81\xb0\xa3\xb7\x71\x60\x1b\x3a\x34\xed\xae\x22\xfc\xe0"
	"\x2e\xe7\xd2\x11\x8b\x6d\xf6\x58\xe7\xf6\x89\x58\x05\x57\x27\x23"
	"\x47\x96\x03\x8f\xd7\x41\x8a\xbd\x0e\x31\xf1\xd6\x36\x2d\xe5\x25"
	"\xc6\x31\x6e\x3e\xc1\xd4\x27\xbb\x88\x9e\xb7\xa8\xaf\xc4\xc5\x69"
	"\xba\x8e\xf2\xe9\x05\xb8\x1a\x30\xf0\x94\x3f\xaf\xd3\x70\x79\x8c"
	"\x0b\x74\xe3\xb7\x07\x9c\x52\x07\x08\x57\xbd\x43\xab\xd1\x5b\xfa"
	"\x5c\x36\x1f\x5d\xd4\x35\x70\x5b\x93\x10\xe1\xb0\x1f\xcf\x52\xe3"
	"\x3e\x90\x1f\xb3\xc0\xce\x8e\x34\xea\xb0\x95\x03\x02\x0f\x0a\x37"
	"\x1e\x3b\xd7\xd9\x66\x15\x0e\xec\xdc\x61\xa7\x34\x17\x1c\xb8\x09"
	"\x3c\xd1\x6d\x87\x50\xae\x69\x9c\xe2\x63\x57\xf1\x2f\x87\xf9\xb5"
	"\xe0\x28\x94\x03\xef\xb0\x1c\x51\x7a\xec\xea\xe4\xa1\x6d\x2d\x47"
	"\xe3\x75\x4d\xb2\x95\xf3\x85\xec\x59\x44\x9c\x62\xf0\x17\x29\x4b"
	"\x86\x68\xdf\x33\x94\xa0\x95\x70\x1d\x6d\xce\xa0\x45\x99\xb7\x85"
	"\x33\x47\x22\xdb\x0b\x01\xbb\x44\x19\xb9\x8f\xb5\x39\x83\x98\xdc"
	"\x0a\xe9\x02\xf6\xe2\xdd\xc6\xd5\x47\xf0\xda\x6b\xe2\xcc\xe3\xb9"
	"\x24\x28\x6f\xb1\x46\xe4\x75\x18\xb8\x4a\x01\xfe\xaa\x0a\xc6\xc0"
	"\xd8\x67\xe8\x50\x38\x4d\xf7\x22\x96\x97\xe7\x6a\x45\xbe\xcb\x12"
	"\x84\xc0\x70\x44\x9c\x6b\x7f\x6f\x02\x48\x8d\x56\x5f\x37\x76\xad"
	"\x20\xdd\x33\xf8\x43\xfb\x7a\xb3\xe8\xab\xd8\xf9\x85\x53\x15\xfe"
	"\xfa\xe4\x7c\xb9\x24\xc6\x74\x89\xf1\x96\x47\x05\x43\x83\x4f\x7b"
	"\x20\x5d\x47\x5c\xdf\x64\xd1\x3d\x45\x69\xd0\x4f\x9f\x94\x0f\x99"
	"\x26\x77\x23\xd7\x36\xe4\xd5\xb7\xf0\xa9\x4a\xe2\x2a\x34\x3d\x1a"
	"\x69\x68\x35\x7d\xee\x6a\xba\xba\xb9\x91\x55\x89\xd8\xae\x4f\x09"
	"\xb1\x1d\x97\x16\xd6\x5b\xac\xa4\x5d\x30\x37\xac\x19\x53\xf4\x7e"
	"\x7a\x91\x1e\x15\x57\x0a\x72\x03\x3f\x8f\x8e\x3a\xa6\x44\xcb\x94"
	"\x38\xb8\x69\xce\x0e\xe1\x5f\xd7\xc2\xc4\x29\x4c\x6e\x6e\xb4\x0e"
	"\xaf\x3f\x3e\xa8\x28\x05\xf4\xb7\xf6\x61\x22\xba\xbe\x84\x3b\xe8"
	"\xcc\x7b\x19\x95\x00\xff\xa2\x54\x3e\x1a\x01\xc1\x22\x8f\x18\x33"
	"\xb0\x42\xb0\x5c\xee\xa1\x22\x5b\xa7\x2b\x71\x45\xb7\x52\x7c\x5b"
	"\x74\x47\xce\xae\x62\x35\x9d\x16\x43\x2e\xe1\xc7\x92\x79\x54\x63"
	"\xf4\x97\x63\x36\x5d\xee\xc9\x83\xb0\xad\x1b\xa0\xef\xad\x38\x66"
	"\x25\x8f\x6a\x5d\x7b\x52\x97\x48\xc8\x2d\xbd\x7a\xed\xd4\xc9\x2e"
	"\xeb\x68\x23\x96\x0b\xdb\x4c\x34\xec\x8f\x54\xee\x6b\xb8\x69\xdd"
	"\x6f\x81\xa9\x63\x9d\xdb\xfd\xdd\x2d\x46\x0a\xe4\x57\x4a\x2a\xb4"
	"\x62\xbc\xcc\x4f\xdd\x4d\x61\x3a\xf5\xc6\x76\xc7\x10\x2e\xf9\x84"
	"\x0d\xa1\xdc\x20\xdf\xf2\xd9\x7d\x7c\xfd\xf1\xfa\xfe\xd7\xdb\x8f"
	"\x59\xdc\xa4\x69\x6b\x65\xba\x03\x3d\x59\xf7\x72\xc0\x82\x29\x8b"
	"\x38\x00\x4f\x29\xa9\x54\x88\x89\x99\x95\x4b\x43\xfb\x4d\x36\x30"
	"\x61\x3a\xbb\x6a\x43\x5b\x95\x8c\x76\x3b\x81\x9d\x5f\xa3\x23\x91"
	"\x22\xc4\xde\x4d\xfb\xd2\x62\xf4\x13\xc3\x9e\x23\x3a\x00\x04\x7e"
	"\x94\xfa\xab\x35\xc2\xab\x0a\x55\xf0\x24\xe6\x64\x9f\x97\xa4\x61"
	"\xa4\x3a\x9c\x99\x9b\xca\x41\x91\xab\xf0\x99\x10\x92\xd4\x0c\x21"
	"\xfa\xb4\x88\x79\xa6\x49\xf0\xdf\x7e\x7c\x7a\xfd\x6c\x33\x79\x18"
	"\x5b\x9c\x45\xe6\x7e\x49\x41\x9a\x6f\x5f\xff\xa5\x04\x3f\xf5\xe3"
	"\x8a\x77\xd0\x42\xa4\x39\xe6\x01\xd3\x85\x54\x83\x82\x30\x70\xbd"
	"\xdb\x0b\x2a\x74\xa1\x54\x0c\xbf\x5c\xad\x69\xf5\x00\x0e\x82\x60"
	"\xed\xeb\x7a\x00\x22\xff\xa2\x9c\xcc\x73\x48\xef\x82\x40\xe8\xf8"
	"\x6a\x71\x40\x63\x22\x96\x4b\xd3\x98\xfc\x0e\xe9\xf4\xa9\x68\x5e"
	"\xe3\x59\x42\x10\xf8\x7d\xd9\x50\x4b\xb6\x93\x68\x70\xb1\x5d\xce"
	"\xb0\x07\xee\x43\x9c\xa9\x38\x40\x6c\x8f\xdd\xa0\xa2\x21\x63\x36"
	"\xfb\xe3\x13\x3c\xcf\x1b\xc4\x3d\xf2\x82\x08\x53\xca\xd7\xbd\xf3"
	"\xb5\x8e\x33\xfa\x3b\x41\x80\xca\x54\xdc\x01\xf5\xc1\xe8\xae\x4f"
	"\xfb\xd4\xd9\xdd\xa3\xf3\x25\xe3\xde\xcc\xe4\x4a\xe1\x12\x77\x2c"
	"\x72\x89\x77\x5c\x2a\xf5\xcc\x57\x86\xfc\x55\xf6\x64\xd4\x53\x73"
	"\xf9\xdd\x76\x2e\x34\x90\x3e\x63\x71\x43\x61\x46\x50\x73\xba\x7d"
	"\x53\x7e\x78\xca\x87\x22\x47\xf8\x5e\x59\x0d\x0a\x55\x53\x54\x56"
	"\xd7\xf4\xc3\x59\xae\xcc\x4d\x61\xce\xe3\x97\x44\x15\x53\x4b\xae"
	"\x78\x58\x4c\xc5\x2b\xd0\x3e\xda\x0d\xf9\x38\x13\xcf\x22\x59\x5f"
	"\xa4\xb7\x84\x7f\x84\x31\x20\x39\xbb\x9d\xd6\x46\x46\xf0\xf7\x96"
	"\x95\x64\x16\xbc\xe5\xec\x0a\xa9\x2c\x72\xf9\x1f\xab\x91\x68\xca"
	"\x4f\xe8\x0e\x49\x8e\xae\xea\x79\xd1\x45\x23\x11\xeb\xeb\x1f\x0f"
	"\x7c\x69\xf2\x55\x50\x02\xa4\x7b\x64\xb6\x7b\x54\x49\x2a\x5c\xa2"
	"\x61\x40\x0b\xc9\xbb\x73\x31\x6c\x3b\x5a\xec\x61\xcd\x2d\xe6\x3c"
	"\x0a\xf2\xcd\xed\x08\x17\xf9\x13\x2b\xcc\x54\x52\x70\xd6\x99\x2e"
	"\x42\x90\xdc\x15\x5b\x9b\xed\xe6\xd4\xa3\xdd\x89\x0b\x15\xf7\x63"
	"\x19\x41\x5b\x2d\x3e\x8c\xce\xfd\x84\xaf\xd1\x15\xf5\x20\xc5\x25"
	"\x8e\xc0\x8c\xd3\xd7\x30\x45\x66\xbc\x01\x8c\x0b\xde\x49\x45\x06"
	"\xd6\xc6\x5a\x72\xdf\x7f\x6b\x42\x37\x0f\xed\x2c\x7f\x0c\xca\xa0"
	"\x83\x36\xbb\xd6\x4c\x86\x23\x77\x22\x16\x69\xb2\x1b\x8c\x08\xb7"
	"\x90\x58\x2b\xcf\x45\x4d\xb0\xf0\xe7\xe7\x5f\x9f\xbe\x7f\x7e\xfb"
	"\x4b\x0e\x28\x28\x3c\xff\xf8\xe9\xbb\x6d\xd9\x83\xc7\x48\xb7\xd5"
	"\xbb\xc4\x1c\xe2\x25\x95\x0d\xc2\x70\x34\x96\xe0\x50\x65\x2f\x00"
	"\xf9\xaf\x13\x51\x89\x7c\x15\x23\xf7\x22\x13\x86\xe5\x64\x93\xac"
	"\xc2\x3b\x30\x7f\xb9\x31\xb4\xc9\x45\x57\x39\x31\x18\x95\x06\xc8"
	"\x8b\xf2\xde\x5c\xea\xaa\xcf\x59\x65\xb3\x2e\x03\xc4\x18\x6c\x1d"
	"\x36\x3c\x66\xaf\x91\x6a\xdf\x6e\xaf\x91\xef\xa1\xb7\x2e\x9a\x10"
	"\x04\x50\xbb\xf6\xda\x38\x5f\x3c\x48\x5d\x50\xa6\x7f\x84\x00\x6a"
	"\xd7\x68\xc9\xb6\x8d\x91\xce\x9e\x86\x49\x9c\xa0\x35\x57\xf2\x34"
	"\x76\xcb\x7b\x87\xbc\x2e\xd6\x49\xea\x12\x03\xc9\x2f\x2a\xa7\xd8"
	"\x6d\xa4\x12\x72\xec\xcc\x50\x0a\x19\xa5\xfd\x0a\x95\x36\xea\x8a"
	"\x20\x42\xe5\x9c\xf2\x24\xd9\x24\x2e\x79\x1a\x07\x2e\xf1\x26\xc5"
	"\x07\xf9\x13\xe2\xa8\x3b\xca\x16\x77\xf6\xd7\x29\xe2\xef\x9f\xbf"
	"\xde\xbe\x3c\xfc\x0e\x81\xc2\x75\x6f\x3e\xfc\xe3\x8b\xec\xe6\xcf"
	"\x7f\x3f\xbc\x7d\xf9\xfd\xed\xc3\x87\xb7\x0f\x0f\xbf\x8d\xa8\x7f"
	"\xc9\x8d\xed\x7b\xf9\x55\xff\x73\xd9\xe1\x23\x8d\x2f\x5a\x7e\x0e"
	"\x24\x32\xce\x8f\xb8\x28\x39\xdd\x37\xe0\x04\xe3\xbe\x11\x58\x62"
	"\x11\x67\x24\x80\x95\x75\xf9\x84\x77\x86\xb3\x36\x4d\x5b\x93\x82"
	"\x1e\x51\x79\x8b\x1b\x0a\xaa\x61\x92\x13\x7f\x2b\x58\x4f\x9c\xd5"
	"\x7f\x3c\x31\xe4\xb3\x56\x1c\x6c\xcb\x9d\x2f\x08\xba\x63\xdc\x3b"
	"\x86\x4f\x2d\x10\x5a\x78\x10\x8f\xcc\x3b\xf8\xf3\x7a\x5f\x78\x6b"
	"\x41\xfe\x97\xdc\x40\x7c\x95\x5a\x8e\xc4\xfc\xa6\x67\x89\xd7\x0f"
	"\xaf\xdf\x7f\xe1\xb3\x43\x41\x5b\xb0\x71\x3f\x45\x78\x65\xc6\xd0"
	"\xdb\x43\x85\xde\x4f\xab\xe6\xb6\xdb\x56\xec\x4e\x2f\x2f\x43\xcb"
	"\xe9\x0e\x6f\x19\x69\xf9\x20\xf5\x3b\x1c\x40\x9b\xe7\xa5\xb7\xa1"
	"\xaa\x74\xfb\xeb\xa3\x5e\xcb\xc6\x86\xcd\x3e\x92\x65\xa3\x60\xd3"
	"\xe0\x18\x6d\x5c\x9c\xb6\xb8\xb0\x22\x4f\xa5\x63\xb4\x43\x88\x11"
	"\x3c\xdc\xf0\x05\x02\x93\xba\x07\xb2\xb5\x92\x73\x70\x66\xea\x50"
	"\x8c\xa2\xce\x2b\x20\xab\xe5\x46\x4a\xed\x52\xb4\x8a\xcc\xe8\x43"
	"\xfd\xfa\x13\xfa\x3b\xbf\x2e\x0c\x85\x45\x63\x86\x80\x71\x4a\x4b"
	"\xb1\xef\xe0\x41\xdc\xeb\xb8\x72\x9a\x8f\x11\x85\xb9\x88\xad\x40"
	"\xee\x9a\x8d\x74\xe3\xa6\xf9\x03\x85\xa0\xb3\x03\x08\x41\x73\x41"
	"\x63\xa4\x4a\x79\xab\x87\x14\x2a\x97\x5a\x7c\x14\xe1\xd2\x9e\x60"
	"\x2e\x4d\x57\x31\x3a\x73\x00\x64\xe2\xf6\x41\x01\xf6\xa9\x45\x49"
	"\x6c\x53\x0b\x08\xa4\xbe\x9a\xc9\xe5\x29\xc0\xeb\xed\x9c\x40\x00"
	"\xd0\xc3\x39\x18\x2e\xbd\x99\x5e\x0c\xf1\xcb\x73\xf3\x58\xb3\x61"
	"\xff\xb8\x78\xf1\x97\x31\xc8\x7e\x7c\xfb\xf5\xed\xfd\xb7\xcf\xe3"
	"\x60\x9c\x9f\xe3\x32\x35\xaa\x16\xde\x12\x90\x0a\x21\xe6\xb7\x04"
	"\xac\x41\x4b\xec\x94\x04\x1a\x56\x95\x69\xd4\x07\xa8\x1c\xff\x7c"
	"\xd5\x60\xd3\x2c\x0c\xd6\xf7\x5d\xcf\x23\x60\x82\x8e\x09\xb3\x08"
	"\x03\xce\x06\xb9\x3f\x76\x88\x96\x5e\x82\x0a\x20\xe7\x77\x7d\x5f"
	"\x34\xe3\x09\xaa\x81\x70\x47\x3f\x86\x8a\xb7\x1e\x79\x85\xca\x79"
	"\x45\xeb\x05\x39\xdd\x98\xa4\x6a\xbb\xdc\xbc\x5a\x20\xcd\xde\x38"
	"\x85\x3b\x20\x11\xb9\x18\xbb\xd5\x17\x99\x60\x0f\xef\x3f\x7f\x7b"
	"\xff\x1f\x9b\x8a\x21\x85\x43\x98\x64\x99\x54\x98\x16\xae\x53\x73"
	"\xaf\x27\x4d\x29\xf7\x00\xae\x3a\x4d\x29\xce\x6d\xa7\xe8\xb2\x94"
	"\xbe\xce\x05\xa9\x19\x1c\xf2\xcc\xdc\x9f\x5e\x3f\x7c\xf8\x04\x4e"
	"\x51\x72\xad\x53\x05\xff\xfc\xf7\x75\x8c\x8d\x7b\xf5\x69\x52\x64"
	"\x9f\xbe\xce\xb6\xc9\x3f\x0d\x9c\xd6\x98\x66\xcf\xc9\xbf\xae\x09"
	"\x10\xac\xa0\x03\x82\xfe\x8b\x60\xa6\x56\xc3\x14\xee\xd2\x0a\x46"
	"\x19\x6c\x80\x9d\xf2\x3a\x67\x51\xcc\x83\xcc\x09\xe2\xb2\xf9\xc8"
	"\xc9\xd9\x05\xd2\xcb\xf1\x61\x73\xff\xbc\x14\xc4\xcd\x60\xe7\x53"
	"\xfd\xd8\x63\x16\xa4\x2b\x77\x1b\x00\x93\xb9\x31\x94\x3d\xae\x82"
	"\x70\xe3\xc3\xa0\x65\xed\x3a\xb2\x07\xf2\xf9\x72\x74\xb5\x21\x45"
	"\xd1\x01\xb9\x8b\x32\x34\xf7\xe7\xba\x76\xd7\x4e\x36\x3e\x4b\x91"
	"\xb3\xb6\x39\x66\xe3\xc3\x00\x03\x54\x98\x78\xf3\xe9\xef\xa8\xcf"
	"\x06\x71\x12\x32\x30\x9b\x3b\xf2\xd9\xa4\x8e\x6e\x57\xab\x88\x9a"
	"\x94\x60\xea\xb0\x8d\x00\x8d\xe0\x5b\x8d\x70\x64\xc5\xeb\x91\x33"
	"\xec\x76\xf0\x15\x75\x4d\x64\xb7\x79\x86\x68\x51\xf3\x03\x04\x94"
	"\x76\xa3\xea\x14\xb3\x04\xb9\x8c\x47\x81\x45\x46\x9a\x10\xa2\xa3"
	"\xcd\x11\x31\x8c\xba\x56\xa7\x67\x1d\xa1\x9d\xaf\xd6\x15\xb2\xbd"
	"\x30\xc6\x04\x62\x43\x38\x6b\xba\x6f\xf8\x49\xc8\x2a\xda\xd8\x38"
	"\xd8\xe1\x7b\x30\xe8\x0a\xda\xdd\xe4\xa7\x66\x22\xc0\x94\x6a\x49"
	"\x88\xae\x67\xaa\xe5\x1e\x6a\xf6\x9c\x0e\x97\x7b\x39\x38\x7a\xfb"
	"\xf2\xed\xc7\xdf\x0f\x5f\x5e\xbf\x7f\x97\xca\xa6\x7a\xcc\xb2\xcb"
	"\x56\xcf\xad\x57\xbd\x66\x22\xb5\xdf\x1f\xb2\xcb\x35\x28\x2e\x2f"
	"\xce\x84\x6d\x71\xf1\x4e\xc0\xff\xb0\xcb\x18\x05\xb9\xcc\xd1\x2e"
	"\x15\x4f\x23\x3b\x74\x23\xa9\xe4\xb5\x5c\x9d\x4e\x0c\x97\xcb\x9d"
	"\x62\x1a\xe2\x62\xf9\x16\x73\xc4\x34\x49\xc9\x7b\xa8\xa9\x43\x6c"
	"\xd7\xe8\xe0\x54\x40\x55\xfb\xed\xaf\xef\x72\x6d\xb4\x75\x83\xcb"
	"\x4d\x73\x04\x34\x8e\x66\x29\xc7\xbf\x20\xf0\x00\x90\x68\x3a\xfa"
	"\xc5\xc0\x29\x5c\xec\x04\x80\x75\x8b\x03\x70\xbb\x76\x99\x72\xc1"
	"\x68\x1e\x65\xe1\xed\xed\x5e\xbd\x2b\x6e\x5f\xcf\x78\x4c\x46\x7d"
	"\x2f\x6e\x2b\x30\x4e\x82\xb1\xd6\x74\x50\x71\x6f\x90\x69\x5a\x1b"
	"\xd2\x14\x79\x1c\x85\xbd\x75\x17\xec\x29\x5e\x7e\x3e\x21\xb2\x16"
	"\xce\x3a\xc6\x31\xe2\xea\x3c\x8e\xb3\xcc\xd1\x73\x8c\xf2\x16\x89"
	"\x58\xac\xc7\x5c\x47\xc2\x55\x10\xdf\x3a\x4d\x4b\xf5\xdb\xfe\x56"
	"\xf7\xe0\xad\xcf\x69\xb7\x9b\x76\x54\x66\xb3\x94\xd7\x3f\x48\xad"
	"\xce\xf4\xf6\xa6\x68\xbb\x39\xf2\x64\x53\x86\xb5\x4c\xb9\x48\x1b"
	"\xab\xce\x35\x59\x73\x4b\x89\xad\x23\x6b\x8d\x43\xbf\xfd\x25\x08"
	"\xfe\x14\xd8\x45\xd8\x1c\x5c\x89\x3c\xda\x24\x91\xbb\xda\x93\x49"
	"\xc1\x9c\xb1\xbf\x80\x8b\x0a\x39\xdd\x98\x41\xa4\xe6\x0f\x59\xaa"
	"\x60\x41\xa9\x19\x65\xb6\x7d\x9d\x89\xf4\x64\x84\x65\xaf\xa5\x3a"
	"\xa9\xdd\xed\xb0\x38\x59\x80\xe9\x4a\x15\x51\x1d\x2a\x8b\xd6\x06"
	"\xec\x4f\xab\xe7\xdb\xc2\x74\xba\x83\xc4\x81\x01\x47\x32\x40\xd1"
	"\x68\x8b\x30\xb3\x93\x22\x1f\xb6\x44\xc8\x85\xe4\x19\xe1\xb8\xe5"
	"\xc2\x91\xcd\xf8\xe8\x50\xf0\x68\x8d\x7c\x2c\x06\x24\xf4\x43\x22"
	"\x27\xa4\x2a\xf7\xed\x50\x3e\xc5\x4e\x10\xdf\x22\xac\x17\x07\x88"
	"\x17\xda\xa1\xf2\xe9\xf9\xed\x63\x84\x06\x5c\x9f\x30\xe0\xec\xb3"
	"\x0e\x56\xc1\x3d\xa0\xc8\x59\x1b\xca\x19\x80\x9c\x18\x99\x51\xb6"
	"\x09\x62\x27\xa6\x62\xd9\x1a\x71\xa2\x9a\x20\xe8\x77\x7a\x2d\x47"
	"\x45\xf6\x75\x97\x23\xf2\x38\x4d\x42\x27\xa6\x28\x45\x99\x0b\x45"
	"\x84\xd6\x87\xab\x14\xb9\xc2\x98\xd0\x7a\x8f\x5c\x6f\xb7\x4e\x94"
	"\xec\x95\x55\x98\xf4\x7e\x0c\xc6\xac\x32\xc3\x44\xc9\xda\x8b\x59"
	"\x23\xf7\x3a\x33\x4c\x92\x79\xca\x92\x8d\x8a\x57\x6b\xe7\x18\xd9"
	"\x93\xd3\xbe\xd4\xf3\xdd\xca\xfd\x79\x74\x22\x09\x62\xf7\x18\xe8"
	"\xc4\x66\x65\x31\xfe\x7b\xfc\xf3\xf5\xf3\xfb\x6f\x5f\xbe\x3c\x88"
	"\xb7\xf7\x1f\xbf\x7e\xfb\xfc\xed\x8f\x4f\x6f\x3f\xff\xef\x81\x7e"
	"\x7d\xff\x6f\x65\x65\xf5\xc7\xdb\x0f\x75\x38\xb0\xfb\xf3\xed\xf3"
	"\xc3\xfe\xf5\xcf\x3f\xde\x6c\x67\x0d\xca\x12\x7b\xa7\xe6\x0e\x5b"
	"\x38\xae\x99\x78\x65\xb0\xfc\x40\xfa\x23\x72\x88\x59\x6f\xc3\x38"
	"\x09\xb5\xf3\x93\x6e\x83\x03\x97\xe8\x13\x28\x27\x52\x95\x26\xe1"
	"\x11\x56\x43\x29\x4b\x4c\x43\x53\x99\x75\xd6\xfb\x33\x7d\x6c\xda"
	"\xa7\xd6\x23\x4e\xf0\xda\x6f\x82\xb1\x88\x81\xd9\x1d\xa4\x2d\xa8"
	"\x81\xf1\xe7\x9b\xba\x6e\x32\xdf\xab\x8a\x13\x2b\xc4\xb0\xbb\x3b"
	"\xb3\x5c\xfb\xda\x83\x43\xd2\x0d\x41\xf0\x68\x9b\xa7\x54\xd2\x6e"
	"\xca\xeb\x46\x7c\x80\x9b\x0b\xbd\x7e\x40\xbc\xc0\xfc\xb8\x44\xe4"
	"\xa4\xaa\xd4\xf2\x76\xeb\x46\x31\x95\x40\x20\x8b\xe9\x6b\x41\x40"
	"\xaa\x9c\xc3\x19\x29\x03\xb8\xdd\xc1\xc6\xb9\x31\x0c\x21\xe6\x8f"
	"\xd2\xfc\xf2\xe8\xc2\xfa\xb0\x13\x70\x61\x20\xa6\x92\xd1\xb7\xa5"
	"\x1e\x9f\xea\x09\x01\xac\xdb\xca\x52\x4d\x60\x41\x70\x35\x56\x55"
	"\x06\xac\x42\xd5\xb1\x8b\xc5\x16\xb2\x96\xdb\x81\x03\x34\xc6\xda"
	"\xb3\x53\x55\xb0\x8e\x3d\x9c\xeb\x45\x9c\x3f\x48\x18\x9e\x90\x38"
	"\xe6\x5a\x3a\x5e\xba\x2c\x0e\xd1\xb5\x75\xdf\xeb\x2f\xa9\x9b\xda"
	"\x6d\x02\xc1\xce\x99\x83\x87\x4a\x8c\x38\xa8\xce\x20\xab\x7b\x20"
	"\x99\x07\x52\x83\xa3\xfb\x1d\x98\xe4\x0e\x4c\x7a\x07\x66\xe3\xc7"
	"\xc4\xde\xfa\x6c\xa2\x55\xe0\xc1\x08\xf9\x06\xfd\x98\xd5\x5d\x98"
	"\xd0\x8f\x49\x23\x3f\x66\x7d\x47\x59\x6b\xcf\x7b\xe6\xf9\x3a\xf5"
	"\xf5\x17\x67\x25\xe2\x13\x73\x81\x88\x9e\xb9\x33\x29\x78\x1a\x05"
	"\x1e\x44\xe8\xab\x09\x4d\x8e\x60\x75\xea\xc4\xec\xd6\x61\x16\x24"
	"\x3b\x2f\x26\x8b\x76\x7b\x0f\x28\x89\xd7\x09\x77\x62\xf6\x55\x12"
	"\x66\xa8\xc1\xe8\x05\x13\x05\x3e\xcc\x3a\x0d\x88\x0f\xe1\x1e\x11"
	"\xfa\xa8\x08\xf1\xbb\x9f\x40\x07\x7a\x48\xc3\xd8\xdd\x0f\x14\x02"
	"\xe7\x9c\x31\x5a\xdd\x0b\x4a\x64\x6b\x27\xe0\x5d\xbe\x72\x57\x58"
	"\x2a\x2b\x5d\x18\x79\x06\x45\x45\x9b\x92\xec\x4b\x37\x46\x6d\xc9"
	"\x12\x3f\x66\x13\xf8\x30\x72\xdf\x1a\x7a\x31\x51\x98\xf8\x31\x51"
	"\xe4\xc7\xac\xee\xc8\x27\x0d\xee\xc0\xb8\xeb\xac\xe8\x0e\x42\x3f"
	"\x26\x0d\xd2\xc4\x0f\x0a\x37\x7e\x4c\x9a\x79\x31\x9b\xb5\x0f\x12"
	"\x87\x6b\xcf\x4b\x94\xa0\x34\x8d\x37\x7e\xcc\xea\x8e\x7c\x92\xc0"
	"\x8f\xb9\xab\xd2\x9e\x51\x56\xe7\x2c\xf6\xad\x90\x22\xc7\x1c\xca"
	"\xaf\x73\x7b\x8e\x1a\x6a\x8f\x23\xa3\x46\xcc\xd9\xae\x00\xcf\xfa"
	"\x21\x01\xff\x65\xee\x4a\x9a\x1b\xc7\x95\xf4\x5f\xd1\x69\xa2\x3b"
	"\xa6\x5f\x14\xf7\x65\x22\xfa\x00\x71\x91\x50\xe6\x66\x02\x5a\x5c"
	"\x17\x85\x9e\xad\xea\x76\x8c\xcb\xae\xb0\xab\xde\x74\xff\xfb\x41"
	"\x82\xa2\x44\x82\x4c\x40\x13\x33\x87\x39\xd4\xa2\xcc\x8f\x40\x02"
	"\x48\xec\x89\x4c\x63\x0a\xbe\x09\x10\x9a\x00\x91\x01\x10\x99\x84"
	"\x8c\x4c\x42\x46\x26\x21\x23\x93\x90\xa6\x81\x43\xac\x1f\x4c\x00"
	"\x93\x90\xb1\xef\xb8\x9e\x19\xe3\xd9\x37\x60\xf4\xe5\x6d\x92\x28"
	"\x74\x0d\xc3\x0a\x60\x3c\x47\x5f\x2d\x15\x07\x13\xad\xac\x2d\x29"
	"\xe3\xa8\x0d\xfc\x19\x9a\x70\x31\x26\xb8\x46\x4c\x68\xd0\x27\x81"
	"\x09\x23\xcb\x31\x62\x62\xcb\x33\x14\x2f\x8f\xfc\x18\x39\x89\x2d"
	"\x31\x73\xfd\xcb\xd7\xbb\xd2\x38\xd1\xb2\x35\x37\xcc\x12\x02\x61"
	"\x18\x05\x04\xc2\xfd\xcb\x84\x48\x0c\x69\x68\x0c\x3c\x2f\x0b\xaf"
	"\x32\xb3\x43\x57\xdf\xd8\x59\x99\xa8\x87\xe4\x73\x18\xc7\x36\x63"
	"\x82\x9d\x63\x19\x84\x2e\x59\xe2\x85\xe5\x6d\x20\x43\xd7\xeb\x60"
	"\x4b\xd7\x30\x74\xb3\x64\xed\x07\xfb\xbd\x2e\xa0\xc0\x05\xca\x39"
	"\x0b\x7d\x93\x70\x65\x10\x98\x76\x38\x89\xed\x44\x69\x64\xdc\x50"
	"\x31\xdb\xb2\x4d\x49\xb1\x30\x72\x22\x33\x26\x34\x2c\xf4\x45\xe3"
	"\x44\xa6\x25\x78\x45\x1c\x2b\x36\x42\x0c\x93\x93\x80\xb8\x8e\x71"
	"\x12\x0c\xf5\xbd\x98\xaf\xcb\xc4\x30\x6b\xf3\xb2\xb1\x0d\xe3\x85"
	"\x84\xb8\x66\x48\x64\x82\x78\x06\xad\x06\x88\xa1\xc8\x5b\x4a\x82"
	"\x28\xd0\x6f\x04\xb6\xdc\x76\x0c\x8b\xb9\x2d\x87\x58\x4a\x5a\xc8"
	"\x2e\x72\xc3\xc8\x4e\x8d\x98\xf8\x16\x8c\x73\x03\xc6\x35\x43\x7c"
	"\x13\xa4\x08\x23\x9f\xb3\x1b\x50\x41\xb5\x32\xa1\x02\x27\x5c\xe7"
	"\x37\x80\xb2\x31\xaa\xbf\x6d\x81\x79\x6f\xf8\x70\xe6\x4c\x00\x0b"
	"\xef\x76\x95\x55\xf0\x32\xf5\x7c\xaf\x74\x48\xb3\x82\x3c\x1c\x4a"
	"\xf6\xbb\xa5\x82\xfb\x73\x20\x85\x5c\xe7\x53\xda\xae\xa5\xd2\x35"
	"\x22\x98\x74\x34\x6c\xca\x4f\xb3\x9c\x6c\x0a\x78\x1c\xbc\x85\x50"
	"\x88\xcd\x61\x47\xd9\xe8\xe0\x6a\x0e\x98\x13\xda\x8a\x39\x04\xb3"
	"\x3a\x9d\xfb\x44\x46\x6e\xc2\x8d\x91\xe6\x3e\x39\x5f\x6d\x82\x43"
	"\x77\x82\x2d\x14\xfa\xef\x70\xa9\x66\x80\xda\x72\x02\x00\x4c\x72"
	"\x0f\xaa\x5d\xee\x0c\xee\x5a\xa8\x69\xc5\x02\xbf\xa8\x77\x62\x23"
	"\x5a\x52\xce\xb0\x9c\x34\x65\xec\x0f\xfe\x9b\xcd\x40\x6b\x06\x0e"
	"\xda\x6b\x30\xf6\xec\x18\x33\x9f\xa5\xd9\x36\x6f\xb3\xfb\xb9\x4f"
	"\xaf\x2a\xa7\xf3\x41\x7f\x5f\xb7\xf4\x7e\x2e\x03\x79\x4c\x48\x92"
	"\x86\x2e\x68\xc5\x5d\xcf\xda\x83\x45\xe1\xfb\xb7\xd1\xdb\xe2\xe1"
	"\x7d\xad\x34\x9e\xe2\x59\xd9\x88\x62\x92\x76\x64\x44\x37\xbc\xa3"
	"\xc4\x8b\xd2\xcb\xcb\xa1\x83\xf5\x86\x36\x97\x0b\x0f\x3c\x73\x4e"
	"\x2f\x9f\x76\x8d\x70\x48\x93\xed\xa0\x0b\x00\x00\xdc\xc9\x6f\xe4"
	"\x73\xb5\xb1\x5f\x07\xe0\x91\xba\x91\xb1\xc6\x92\xba\x86\x47\xb2"
	"\x93\x88\xc6\x80\x81\x90\x71\x26\xfe\xc4\x67\xc4\xc5\x1b\x8a\xee"
	"\xcb\x65\xd2\x59\xab\xfa\xea\x7b\x3e\xc9\x10\xd5\xd6\x88\xb2\xc1"
	"\x3b\x3a\x3e\x57\x67\x7d\x0a\x70\x6c\xde\x3d\x7d\x54\xca\x06\x35"
	"\x5e\x8e\x43\x35\x88\x92\xec\x0f\xb4\xc9\xc8\x9d\x22\xd8\xbc\x7e"
	"\x40\x0e\x70\xa4\x9d\x10\x09\xbd\xe1\x93\x1d\xe1\xc9\x3a\xad\x67"
	"\x8d\xf1\x21\xe4\x66\xcd\x18\xed\x2e\x29\x3a\x23\x90\xb7\xd7\xe7"
	"\xc7\x8f\x05\x7b\x7e\x79\x7e\x7c\x7b\x5d\x2c\x8f\x8f\xff\xf9\xfd"
	"\xe5\xf8\x7a\x1a\x9d\x53\xcf\xc6\xe1\x5a\x26\x25\x19\x26\x37\x0c"
	"\x4d\x4c\xa6\x56\x30\xf0\xd8\xef\xeb\xcf\xd7\x47\xb0\x88\x9d\xc6"
	"\x54\xee\xab\x3e\x4f\x27\x2f\xbf\x81\x46\x12\x1e\xc5\x9e\x3f\x3f"
	"\xf7\x4a\x00\x73\x43\x64\xde\xed\xd9\xc8\x71\x45\x67\x23\x0d\xf6"
	"\x49\xc8\x61\x97\xfc\x9e\x70\x27\x0a\x2d\xfc\x55\x85\x04\x49\x3f"
	"\x52\x79\x91\xed\x95\x37\xb4\x33\xa8\x75\x91\x20\x2e\x95\x01\x23"
	"\x6a\xd0\x8f\x2d\x64\x95\x26\x01\x69\xec\x87\x76\xb9\xdb\xe2\xd9"
	"\xec\x1b\xc7\xc2\x5d\x26\xca\x8a\x6e\xe1\x9d\x4b\x82\xd7\x4a\x4a"
	"\x62\xcb\xc5\x85\x00\xb6\xef\xa0\x2f\x1b\x06\x10\x9d\x14\x12\xe2"
	"\x6b\xd9\xc8\xd9\xea\x85\xed\xea\xd8\x98\x9d\xa6\x64\x17\x15\x9e"
	"\xb4\xd8\x53\xb9\xe0\x5a\x4b\x57\xbe\x1e\xa3\x2b\xe0\x9a\x06\x62"
	"\x65\x39\xb1\x5b\xbd\x5e\x20\x71\x78\xbf\xc4\x68\xe2\xa2\x6c\x91"
	"\xbc\xf2\x68\xf3\xea\x69\x03\x2e\x20\x91\x17\x88\xc0\xc3\x5e\x27"
	"\x82\x64\x9f\x49\xf5\xe5\x90\x94\x35\x16\x16\x0d\x30\x77\x62\x4e"
	"\x41\xb2\x06\x76\x14\x35\x25\x16\x27\xf6\xca\xf7\xf5\xfc\xc0\xc2"
	"\x95\x4c\x5a\x3e\xf8\xc8\x41\xd5\x19\x10\x86\x81\xa6\xef\x76\x80"
	"\x28\x30\x00\x62\x57\x0f\x88\x3c\x2d\x20\x8a\xad\x50\xcf\x77\x7c"
	"\x3d\x3f\x36\x7c\x1f\x47\x38\x9f\x07\xae\xee\xf3\xac\xca\x1d\x7b"
	"\x59\xce\xeb\x5f\xf6\x45\x3e\x52\x6e\xf0\x71\x42\xcb\xdd\x8a\xc9"
	"\xac\x95\xaf\xc2\x51\x48\x9b\xf1\x0d\xca\x6c\x92\xdc\x17\x5d\x78"
	"\xce\x14\x02\xd8\xf2\x75\x9f\x62\x14\x0e\x74\xb9\xea\x69\x9b\x12"
	"\xf9\x6c\xd6\x98\x5c\xca\x32\x35\x86\x1c\xf3\x39\xc3\x1f\x4b\x75"
	"\x00\xd4\x7c\xe4\xf2\x3d\x16\x89\x50\x02\x12\x9f\xfb\x91\x26\x81"
	"\xbb\xc8\xc2\x5b\xba\xad\x7c\x1e\xd8\x38\x9f\x65\x89\x7e\x92\x62"
	"\xd4\x0b\x83\xbd\x01\x53\xfa\x16\x3e\x97\xb2\xbb\x87\x48\x74\x49"
	"\x47\xf3\x39\xe2\xef\x98\x2c\xf7\xbe\x65\x98\x44\x99\xd8\x88\x67"
	"\x58\xa3\x4e\x2c\x06\x81\x5a\x34\x6e\xac\xe9\x9b\x60\xcf\x15\xe1"
	"\x15\x26\x16\x58\x45\xa9\xd1\x4e\x52\x94\x04\xf1\x0f\xd2\xb0\xc0"
	"\xb6\x10\x4b\xaa\xce\x9d\x2c\xe6\x77\x5d\xe7\x6b\x56\x0a\x25\x01"
	"\x9a\x21\xab\x03\xc4\x96\x1e\xe0\xd8\xa1\xb6\xdc\xa2\x66\x34\xd3"
	"\xfb\x19\xe1\x07\xbe\x29\x97\x48\x0f\x88\x02\x43\x49\x63\xdb\x32"
	"\x01\xf4\x6b\x88\x0b\x48\x37\x57\x0b\x90\x98\xa9\x90\x93\x17\xbe"
	"\x2b\x3c\xcb\xd5\xe8\xa6\x00\x04\x96\x67\x50\x5e\x88\x2e\x17\xba"
	"\x7a\x4c\x51\xba\xbe\x66\xfc\xe0\x89\xeb\x47\xb1\xa6\xc2\x4a\xcd"
	"\x64\xbd\xdd\x47\x9a\xa5\x14\x69\xe9\x97\xba\x22\xda\x9a\xec\x31"
	"\xba\x8a\xdc\x95\x91\xa7\x99\xf2\x05\xdb\xb5\xf5\x4b\xa2\x33\xc4"
	"\x90\x89\xeb\x5b\xa6\x54\x94\xa7\x47\xea\xde\x6f\xe4\x0c\xf0\xb2"
	"\x21\xc4\xde\x2a\x5f\x11\x39\xdd\x67\x9d\x75\x12\x59\x65\xf3\x89"
	"\xf4\x7b\x5a\x70\x18\xb5\x29\x11\x23\xb2\x2b\xfc\x62\xae\x34\xfb"
	"\xc1\x04\xde\xb4\xf5\xfe\xe1\x02\x9d\x97\x00\xf6\x44\x11\xd2\x39"
	"\x07\xa8\xd4\x77\x91\x95\xc3\x00\x54\x89\x7f\x1a\x03\x48\xac\xa5"
	"\xb1\xe8\xd0\x0a\xc8\x36\x80\x72\x52\xf9\xae\xef\x9b\x44\x47\xcd"
	"\x6c\xaf\x10\xca\x8a\xd8\xb5\x7c\x33\x2a\x70\x42\x9b\xe8\xab\x1c"
	"\xd6\xb1\xd1\x7c\x55\xc3\x14\x13\x9a\x4a\x25\x41\x8e\x11\x14\x85"
	"\xc8\x3b\x95\x31\xc8\x58\x3b\x45\x37\x52\xdc\x80\x0a\xc2\xc0\x80"
	"\x82\x45\xb6\x1f\xdd\x80\x8a\x02\x2f\xbe\x05\x15\x58\x37\xa0\x62"
	"\xdf\xb9\x05\x85\x5c\x73\x0f\x50\x62\xf5\x6b\xd4\xb9\x26\xdf\x7c"
	"\xc9\x30\xc7\x75\x03\xd8\x36\x8a\xac\xe0\x26\x54\x74\x13\x2a\x36"
	"\xa2\x76\xa5\x01\x71\x39\xe0\xd3\xea\xaf\xb4\x9e\x25\x65\x5d\x64"
	"\xe9\xbc\x12\x4b\x40\x41\x96\x74\xb9\x34\x27\x54\x24\xe9\x52\x93"
	"\x0c\xe4\xb2\x34\x88\x2d\xe6\x5b\xdf\x0e\x5c\xc7\x0c\x0b\x1c\xd7"
	"\x58\xe5\xdd\x8a\xc7\x71\x6f\x82\x85\xfb\x5b\x60\xf6\x4d\xb2\xf9"
	"\x8e\x67\x4a\x6d\x8b\x3e\xb0\x1e\x9c\x42\x36\xad\x19\xe1\x9a\x21"
	"\x1e\x84\x33\x61\x87\x22\xad\xcd\xd8\xf5\xe1\x6e\x89\x44\x2e\x1d"
	"\xf4\x9e\xac\x14\x53\x49\xa2\x55\x89\x36\xcb\x57\x59\x35\xaf\x0f"
	"\xd2\x75\x62\xbe\x57\x25\x9a\xa6\xd1\x94\xeb\xf9\x14\xd8\xec\x2e"
	"\x6e\xc0\xe7\x9b\xb1\x2e\x4e\xb7\x38\xfd\xaa\x00\x62\x9f\x0f\xec"
	"\x86\xaf\x27\x8f\xdf\x4e\x4f\xcf\xc7\xc5\xe3\xdb\xfb\x4c\x98\xd0"
	"\xee\xab\x84\x94\xe0\x10\xf1\xfa\xf1\x75\xad\x21\xf9\x5d\xa8\xb9"
	"\x03\xdf\x6a\xac\x9c\x3b\xe4\xd9\x43\xfe\x00\x3a\x4d\xad\x25\xf0"
	"\x6a\xcf\x94\x12\x4b\x5b\x3c\x89\x44\x6c\xf5\x4c\x09\x88\x1f\xbc"
	"\x05\xa7\xe9\xed\xcc\xf7\x17\xde\x21\xdd\xce\x0d\x09\x5b\x9a\x66"
	"\xe0\x4d\x7d\xe0\xc1\xad\x23\x6d\xbd\x42\x2c\xb5\x37\x4b\xf0\x9e"
	"\x48\x1a\x3a\xc7\x1e\x47\x93\x05\x2a\x49\xb7\xe8\xca\xab\x43\x74"
	"\xab\xae\x92\x56\x32\x2c\x7d\xb5\xca\x06\xd7\x08\x32\x4b\xa1\xaa"
	"\x0e\xa8\xeb\x54\xa4\xe5\x26\x77\xfa\x83\xe3\x09\x5d\x7c\x52\x0f"
	"\x6f\xe5\xae\x9c\x6d\x39\x89\x64\x2c\x33\xea\xfd\x7c\xcc\x5d\xf9"
	"\x6c\x97\x4a\x46\x40\xa9\xc6\x8f\xff\x38\x87\x87\x99\x59\x26\x96"
	"\x71\x25\x92\x06\x44\xe9\x20\x29\x69\xb8\x58\x17\xfe\x6e\x07\x83"
	"\xb7\xd0\x82\x79\xf6\x01\xd2\xd5\xc5\x7c\x07\x96\x30\xe9\xf6\x4d"
	"\x6c\xf9\xe1\x7e\x49\x08\xdd\x05\x0a\x9e\x1e\xbd\x4b\xdd\x9f\x9e"
	"\xb5\x4b\x2d\x80\x27\x23\x4a\x87\xd9\x9d\xfe\xf9\x78\xfc\x36\xf5"
	"\x16\x0c\xd0\xae\xa5\x92\x82\x30\x25\xd4\xf5\x80\xa1\xc4\x9b\x1d"
	"\x80\x56\xac\x49\xc8\x30\x86\x38\x10\x4b\x1f\xf3\x12\x23\x65\xe3"
	"\x5b\x2b\x40\x4e\xc2\x65\x92\x45\x84\xcc\x1d\x97\x0c\x0f\xcb\xac"
	"\xba\x37\x40\xa4\xdb\x50\x13\xa6\xa1\xc4\x36\x60\x52\x9e\x30\xec"
	"\x78\xe8\x8a\xca\x78\x5d\x32\x03\x26\xa7\x55\xd6\x50\x93\x4c\x9f"
	"\x33\x78\x93\xfd\xd9\x84\x2a\x20\xd0\xd0\x32\x49\x0d\xb8\x3b\x91"
	"\x27\x12\x33\x72\x00\xaa\x2b\x9a\x10\x03\xa8\x24\xad\xa9\x80\x65"
	"\x1b\x83\xd1\xbe\x29\xa5\x6a\x17\x59\xa6\x5a\xa8\xb7\x3e\x62\xf8"
	"\x3a\xc2\x20\x26\x7c\x0a\xe6\x60\x4a\x49\x6c\xe3\x1c\xe4\xb0\x77"
	"\x04\x0a\x5d\x8d\x5e\x0f\x50\xb6\x49\xa9\x58\x86\x59\xaf\x0c\x30"
	"\x55\x2c\xa4\x42\xcc\x8c\x54\x98\xa9\x3e\x99\x68\xe2\xfd\xf2\x16"
	"\x90\x49\xf3\xe0\x2f\xdf\xb2\x6e\x42\xd9\x37\xa1\xfc\x9b\x50\xc1"
	"\x4d\xa8\xe8\x16\x54\x70\x8b\x5c\xb6\x6f\xae\xfa\xfb\xd8\x2c\x3c"
	"\x60\x12\x33\xc8\x35\x37\x21\xbf\xb3\x6c\xcf\x0c\xb2\x6d\xd7\x28"
	"\x14\x0c\xc1\x91\xb1\x0d\x37\x15\x3c\xac\x32\xa0\x78\x60\x9b\x06"
	"\x47\x5e\x63\xe1\x22\x87\x98\x8d\x98\x39\xef\x4c\xa8\x6d\xe4\xbb"
	"\xa6\x2e\xb8\x4d\x2c\xcc\x73\xc4\x00\x24\x46\xbc\xd2\x80\xd9\xd3"
	"\x56\x86\xf8\x4e\xa8\x69\x04\xfd\x92\xb8\x9a\x19\xad\xd9\xcd\x2b"
	"\xc0\x79\x86\x15\x93\x10\x5e\xa4\x2f\xad\x1b\x78\x9a\xb4\x45\x83"
	"\xef\xb2\xa5\xae\x2c\xcc\x71\x90\xa3\x87\x2e\x7f\x81\xe1\xdb\xa9"
	"\xa5\xca\xeb\xf1\xe5\xed\x8f\x4f\x4f\xcf\x7f\x3c\xff\x38\xbe\x2c"
	"\x04\x02\xae\x40\x66\xbc\x44\x9f\xd7\x82\x1b\x4b\xb1\x88\x3c\xbb"
	"\x74\x36\x7d\x0e\xab\x1e\xb9\xda\x70\xd0\x45\x11\xe7\x00\x58\x6e"
	"\xd2\x15\xe2\x5a\xe7\x0a\x4a\x91\xcb\x6f\x56\x32\x99\x4b\xda\x6e"
	"\xd1\x14\x96\x4e\xe2\x9c\xef\xfa\x1b\xf4\xbe\x07\x80\x84\x29\x36"
	"\x8e\x83\x35\xd6\x6f\x50\xd4\x5f\x8e\xa3\xca\xfb\x55\x5f\x75\x62"
	"\x09\xac\x78\x04\x39\x9b\x71\x7c\xfd\x21\xbd\xf1\x3e\x9d\xbe\x3e"
	"\xbf\x9e\x9e\x16\xef\xc7\xa7\xe7\x37\x25\xa9\x41\x33\x13\xda\xb2"
	"\xe6\x61\xbc\x3a\x5b\x8b\x15\x6f\x9b\x8f\x69\x25\xa3\x8e\x18\xbf"
	"\xa7\xbb\x07\x58\xe0\xe2\xbb\x0f\xb1\x8a\xbe\x78\xbb\x39\x9b\xc6"
	"\xb0\xe9\x96\x20\x21\x79\x76\x48\x12\xaa\xd3\x77\xcc\x4d\x73\xc7"
	"\x95\x47\x23\x42\x9d\x91\x5d\x2e\x18\xe6\x74\xfb\x3a\x4d\x1a\x88"
	"\x57\x1b\xdd\x63\x6f\x70\xbc\x9e\x1c\xbf\x9d\xde\x8f\x42\xf3\x9f"
	"\x16\xdb\xe7\xa7\xd3\xdb\xd0\x7f\xa0\x58\x44\xb5\xfd\x8e\x52\xb5"
	"\x2c\x22\x74\x5e\x56\xe9\x01\x0f\x97\x55\xb0\x97\x06\x3e\x94\x27"
	"\x39\xb8\x7b\xb9\x87\x99\xdb\x12\xf6\x90\xf3\x06\x4d\x25\xaf\xc0"
	"\x49\x3a\x6c\x38\xc6\x3c\x96\x66\x32\x16\x93\x72\x9e\xae\xb0\xc4"
	"\x72\x9f\xc3\xfe\x18\xdb\xe2\x49\xef\x7d\xcd\x66\xe4\xf5\x09\xb6"
	"\x41\xcd\xfd\xff\xa8\xe6\xd3\xd3\xb7\x9f\x7f\xf5\xe6\x43\x8f\x6f"
	"\xaf\x5f\x9f\xff\x18\xf6\x11\xce\x9a\xf9\x63\x6c\x50\xc8\xcb\xf6"
	"\xb1\xd3\x47\x14\x27\x9d\x75\xe8\x40\x20\xb8\xaa\xdd\xff\x17\xfa"
	"\xf3\xbf\x2d\x3d\x1c\x17\xfc\x3f\x92\xab\x1b\x98\xba\xd3\x16\x31"
	"\x22\x95\x65\xf2\x89\x81\xa9\xc9\xd9\xdd\xef\xf8\x29\xb4\x18\x72"
	"\x81\x89\x8e\xb9\xc9\x43\x23\x5d\xed\xe5\xb4\x2d\x55\x4f\xac\x83"
	"\x5d\xee\xf1\xf5\xf1\xf9\xe5\xe5\xf8\xfe\xf7\xd5\x39\xf5\x8f\x9f"
	"\xaf\xe2\xdf\xdf\x04\xf2\xf5\xe3\x0d\xfe\xf3\xec\x3c\x8a\x5f\xdf"
	"\x9f\x7f\x5b\x7c\x7d\x7f\x7b\xfd\x71\x7a\x7d\xfa\xf8\x55\xdd\x16"
	"\xc3\xe9\x46\xbb\x95\x9e\xd0\x59\x56\x88\xfe\x3c\xe8\x13\xdd\x71"
	"\x10\xe7\x24\x59\xf7\x5b\x66\xf2\x13\x46\xdb\xa7\xd3\xe3\xdb\x93"
	"\xcc\xeb\xfb\xfb\x9b\x18\x72\x21\x3b\xe9\x10\xe2\xdb\xf3\x5f\x03"
	"\x07\x45\x6d\xca\x2e\xd0\x9e\x26\xab\x1a\xa1\x42\x0a\xc7\x51\x06"
	"\x63\xfe\xe9\x75\x4c\x3d\xb7\x60\x57\xde\xc1\xf0\x2f\x99\xf9\xcb"
	"\xf1\xe3\x4f\x95\xd8\xa5\xf3\xfc\x4d\x88\xfd\xaf\xd3\xb7\xd3\xeb"
	"\x8f\x05\x78\xed\xbe\xb0\x65\xe9\x3e\x75\x20\xa1\x02\xdf\xdf\x45"
	"\xd1\xc0\x8a\x6f\x04\x12\xca\xb7\x90\x55\x3d\x26\x97\xcf\x1f\x8f"
	"\xa7\x17\xb0\x28\x7c\x03\x7f\xf0\xa7\x97\xef\x2a\x82\x75\xed\xb2"
	"\xf8\xf9\x21\x94\x44\xa4\xfa\xf1\xf6\x78\x78\xec\x8a\xd0\xb5\xa1"
	"\xda\x36\x7c\x53\x0d\x2d\x2d\x07\x44\x70\x3a\xda\x0c\x1d\x30\x0c"
	"\x79\x3c\x25\x91\x13\x5b\x1a\x66\xb8\x47\x99\xb6\xe0\xda\x28\x37"
	"\x8e\xa2\x70\x9e\x29\xe6\x4f\xcb\x42\x3e\x2c\xb9\xd8\x89\x21\x59"
	"\xee\xe5\x66\x0e\xe3\x41\xd8\x6b\x8c\xe7\xa1\xbc\x32\xf1\x3c\x16"
	"\xc9\x40\x6c\xd7\x83\xd1\x8f\x1f\x42\xbd\x8e\xef\x4f\x8b\x5f\x3e"
	"\x8e\x3f\x44\x43\x3d\xff\x38\xfd\x7a\xed\x17\x97\x56\x1c\x43\x1f"
	"\xa5\x3b\xd4\x7f\x5f\x88\x5e\x2c\x74\xe1\x07\x04\x2d\x9a\xf9\x48"
	"\x0c\x93\xff\x60\xfa\x74\x01\xc2\x45\x17\xc5\xd2\x99\xae\xa4\x0e"
	"\x79\x86\x8e\xc9\xab\x26\x6a\xd8\x9d\x82\xb8\xe4\x93\x9c\xe5\x9e"
	"\x11\x83\x40\x84\xee\x5f\x2a\x31\x4e\xfd\xb9\x20\x42\xf3\x9e\x1f"
	"\x8f\xaf\x9f\xee\xde\xde\x4f\xc7\x57\x31\xdc\x5d\x64\xfb\x94\xc8"
	"\x72\xa7\x7c\x3b\x93\x06\x65\xa9\xbe\x2c\x57\xd4\xb8\x52\xfe\xed"
	"\xc6\x4f\xfb\xd5\xf1\x00\x25\xba\xcb\xcb\xdf\x5d\xaf\xfb\xf8\xd4"
	"\x14\xc5\xa5\x4b\x89\x85\xed\xd9\xf9\x59\xdf\xd5\x17\x5f\xc5\x58"
	"\x20\x5b\xa4\x07\xf1\xb7\xb7\x97\x0f\xf0\x57\x2b\x10\xa7\x97\xb7"
	"\xef\x8b\xd7\xd3\x7f\xe1\x95\x9f\x6e\xca\xf2\x61\xae\x6a\x57\xef"
	"\xc7\xef\x7f\x82\x09\xf1\x8c\xab\x9b\xed\x8a\x80\xfb\xe1\xb9\x23"
	"\xd0\x76\xe0\x71\x4c\xfc\x80\xb0\xeb\xf4\x90\xb2\x91\x1f\x69\xa0"
	"\xa7\x8d\x18\x84\xf7\x7d\x2c\x91\xf9\xa6\x07\x98\xf4\xbf\x81\xb8"
	"\x8b\x1e\x02\x0e\x62\x38\xcf\x51\xf7\xcd\x80\xec\x62\xa6\xc8\x68"
	"\x2d\xac\x41\x62\xf1\x02\xee\x4e\x4c\x59\x5d\xc0\x0c\x55\xe6\x5c"
	"\x9e\x8c\xeb\x2d\xff\x01\x27\x7d\xac\x89\x0e\x9a\xe2\xb3\x1a\xd8"
	"\x3f\x9c\xc7\xf7\x85\x68\x40\x65\xfc\x1c\xa5\xd6\x85\x5c\x09\x2d"
	"\xe4\xec\xa3\x87\x30\x5a\x60\x2e\xfd\x7a\x48\xb5\x6f\xe4\xa8\x16"
	"\x47\x7b\x14\xb7\x4e\x0b\xe4\x38\x51\xb6\x26\x29\x64\x44\x3d\x51"
	"\x7f\x0f\x28\xa8\x25\x62\xf9\x8d\xd7\x0e\x29\xd3\x55\xb3\x99\x7b"
	"\x14\xb1\xf8\xa5\x9b\x6f\x93\xb7\xa6\x9f\x67\x7f\x05\x67\xf2\x62"
	"\xd9\xf1\xf3\xfd\x08\x06\xe6\x6a\xdd\x54\xf5\x66\x9b\x91\x0d\x9a"
	"\xd7\x76\x95\xe1\xaa\xb3\x49\x0b\x5c\x48\x8d\x22\x95\x2b\xb2\x72"
	"\x90\xb3\x2f\xa9\x68\xb4\x6d\x37\xec\x70\x9f\x95\xb8\x60\x6d\x42"
	"\xda\x43\xba\x13\xd5\x8d\xc4\xc1\x03\xd0\xfd\x1e\x17\x70\x59\x27"
	"\x6b\x86\x68\x70\xe7\x6d\x79\x4c\x80\x7b\x37\x0a\xfe\xfa\xe1\x2a"
	"\x61\x45\x65\xb4\xe8\x71\xa9\x20\xfc\x59\x0a\xf1\xad\xd2\xa4\xc1"
	"\xcb\x7e\x46\x69\x01\x29\xa3\xb8\x64\xc0\x3d\x30\x4e\x30\x19\xca"
	"\xb4\xf1\xb5\xa9\x0b\x80\x67\x90\x2f\x69\x90\xfc\x61\x63\xb3\x5b"
	"\xaa\xd9\x02\x95\xad\x71\xad\xef\xf8\x8d\x96\x6f\xd8\x26\xf5\xb0"
	"\x76\x1c\xc9\xba\x17\xb9\xc8\x08\xcb\x90\xcf\x64\x88\xec\x7e\x6e"
	"\x4f\x9f\x3f\xbe\xbf\x1c\xff\x5e\x34\x62\xe1\xf5\x32\x19\x2a\xce"
	"\x11\xd2\xb7\x29\x43\x65\x3d\x07\xdc\x96\xeb\x29\x03\x88\x56\x55"
	"\x5d\x40\xfc\x21\x2b\x8c\xbf\x20\x37\x03\x57\xf4\xe7\x94\x1e\x0a"
	"\x6e\x85\x56\x99\x59\xbe\xa5\xe9\x1e\xe3\x90\xdf\x45\x1a\x63\x6e"
	"\x02\x07\x25\x12\xb8\x95\xe7\x23\x16\x23\x57\x9c\xf8\x9b\xc0\xf1"
	"\xb5\xd8\x0a\x6f\xf7\xb6\x95\x5b\xae\x57\xdd\x2c\x09\x0b\x32\x77"
	"\x8d\x9c\xc1\xcd\xa2\x23\x42\x8c\x69\x8b\xe9\xad\x39\x14\xf7\xb6"
	"\x65\xb7\x36\xdb\x23\x47\xe1\x13\x3c\xb3\x3c\x97\xdb\x45\x66\xc6"
	"\x53\xde\xc2\x71\xbd\xe8\x50\x61\x18\xc5\x5b\x44\x85\xba\x58\x68"
	"\xe3\x31\xa1\x4b\xe0\xc2\x19\x69\x17\x15\x6b\x85\xf7\xaf\x47\xb1"
	"\xe9\x5b\xbe\x3f\x3f\xfd\x71\x9a\x28\x5a\x77\x69\x2e\xf2\x25\xd5"
	"\x3e\xc4\x3c\xd9\x4e\x80\x81\x83\xf7\x6c\xb1\x0e\x59\xca\x75\x45"
	"\x4a\x12\x7c\x62\x15\x9a\xad\x0d\x1c\x2d\xfb\x13\x44\xc6\x5b\xd3"
	"\x06\xde\x8c\xa7\xcd\x1e\x9e\x71\xac\xb2\xc3\x32\xf2\xad\xad\x7b"
	"\xc8\x77\xe8\x77\x30\x3b\x36\xbc\x72\xbd\x40\xd7\xaa\x30\xb9\x1d"
	"\x1a\x16\x05\x0e\xae\x29\x62\x2a\x16\x7f\x68\x84\xbd\x5e\xe8\x30"
	"\x34\xb6\x1c\xbc\xe2\xc4\xfe\x74\x4d\x97\xa4\xb3\x1b\x0d\x83\x10"
	"\x07\xd2\x03\xcf\x1b\xc5\x03\xd6\xb0\xce\xc0\x5b\x6c\x1c\xd8\xb6"
	"\x3a\xee\xc8\x08\x59\xe9\x36\xf4\x6d\x5c\xcb\x48\x9b\x34\x2b\x7c"
	"\x16\x5b\x53\x31\x96\x0b\x31\xcb\x44\x0f\xb9\xa3\x2d\xad\x34\x25"
	"\xa8\x1e\xd2\x16\x9f\xa7\x9b\xc2\xd6\x88\xd8\x05\x42\xc4\xd9\x74"
	"\x79\x8e\xd6\x37\x59\x71\xe4\xef\x62\x37\xba\xf8\xe7\xcf\xaf\x5f"
	"\x21\x50\x8d\x7a\x9a\x9a\x8f\xa6\x89\x7e\x21\x27\x97\x75\x33\x35"
	"\x9d\x2f\x0f\x49\x99\x82\xdf\xa4\x6b\x2f\x13\xb4\xaa\xe6\x34\x1f"
	"\xf9\x28\x14\xc4\x14\x79\x21\x26\x58\xd2\xe1\xed\x36\x63\x44\x73"
	"\x06\x0b\x59\x89\x3f\x39\x2d\x8a\x76\x74\x80\x71\x66\x24\x75\xf3"
	"\x20\x24\x25\x13\x06\x2d\xc9\x2a\x5b\x16\x94\x2b\xf2\x00\xaf\x15"
	"\x0b\xdb\x86\xee\xb3\x02\x6e\xf9\x0f\xcb\x87\xd9\x10\xae\x02\xc7"
	"\x1e\xd8\x7c\xce\xc0\x98\xcd\x19\x18\x58\xce\x4d\x5b\xc3\x59\xad"
	"\xe8\x9f\x1c\x7e\x6e\xaa\x92\x34\x4d\x06\xd6\xca\x19\xc1\xaa\x28"
	"\xaf\xdb\x8c\xae\x2a\x31\x0c\x88\x1d\x70\xa5\x91\x72\x64\x1b\x02"
	"\xd5\x9e\xe5\x59\xdb\x8a\xd4\xc7\xc1\xbc\x01\x2e\xc6\x1d\x08\x00"
	"\x82\xe4\x58\x12\x78\x4b\x85\x84\xf9\x82\x46\x23\xc9\xdd\x24\x40"
	"\xd5\xe0\x73\xf0\x79\xd8\x6d\x28\x98\x92\x31\xa7\x85\xac\x16\xae"
	"\x84\x91\x9d\xaa\xe7\x9f\x7d\x54\xbe\x19\x77\x83\xd0\x84\x72\xc9"
	"\x89\x09\xd8\x94\xce\xbc\x68\xa4\x2d\x13\xb1\xdc\x57\xf5\xe1\x61"
	"\x99\xb5\x0e\x36\x85\xc3\x67\x62\x80\x13\x75\xcf\x31\x3e\x2d\x19"
	"\x47\x99\x75\x03\x03\x78\x8b\x57\x27\xb3\x53\xf9\xf8\x0e\xe3\x57"
	"\x42\x65\x28\xaa\x1e\x2d\xdd\xa2\x3c\x1a\x7a\x16\xde\xc8\x62\x26"
	"\x45\xf3\xd4\x6c\x69\xa0\x3e\xf8\x83\x8d\x5c\x13\x77\x5c\xb4\xa8"
	"\x2e\xca\x21\x5b\xcc\x01\x1b\x70\x29\x5a\x7b\x55\x56\x8b\xce\x46"
	"\xd1\x11\xe6\xee\x01\xb9\x84\x15\x3c\x37\xcd\xd1\x1a\xd8\xd6\x75"
	"\x5a\xd7\x36\xca\xe6\x62\xb6\x43\x4b\xc3\xc5\x2a\x23\xc3\xf5\x85"
	"\xb4\x77\xb8\xea\xa2\x89\x8a\x1d\x54\x89\x45\x07\x83\x3a\x2a\x59"
	"\xb2\xc1\xcb\x83\x6d\xfe\x40\x4d\x96\xe5\x61\xb5\xe7\x9e\x8f\xf7"
	"\x80\xf3\x2b\x01\x54\x99\x32\x58\x96\xd5\x25\x2a\x5c\xb9\x14\xd5"
	"\x85\xab\x78\x89\x38\x2e\x84\xc1\xa6\xad\x49\xca\xd6\x59\x86\xd7"
	"\xe6\xa6\x3e\xdc\xd9\xb1\xb5\xc7\xb5\x07\x5d\xfc\xcb\xfd\xd9\x12"
	"\xed\x40\x8c\x89\xae\x89\x98\xc8\xc8\x2a\x0f\xed\xb9\x91\xe6\x32"
	"\x40\x82\xf9\xf1\x9c\xe1\x23\x90\x3b\x13\xb3\xe9\x03\xf8\x49\x1a"
	"\x43\xe0\x75\x80\xbf\xf2\xcf\x7e\x11\x46\x2f\xd7\x2f\x4c\xcc\x2a"
	"\x7b\x80\x28\xa3\xd8\xb3\x0f\xbb\x22\x4b\xb5\x62\x5c\xdd\x33\xec"
	"\x14\xd3\xec\x2b\x86\xa4\x4d\x84\x99\xb1\x29\xa8\xd0\x84\x2a\x4a"
	"\x37\x70\x11\xab\x2a\x05\x15\x9b\x40\x4d\xe4\xfb\x7b\x03\x08\x7d"
	"\xa5\x31\x48\x67\xeb\x3b\x56\x58\x34\x06\xd8\x32\x0d\x6c\x2b\x34"
	"\x55\x42\x9b\xec\x93\x6a\x7e\x88\x15\xd3\x33\xe3\x64\x76\x49\x22"
	"\xaf\x7a\x95\x19\xb6\x7f\x60\x9d\x0e\xc3\xaa\x89\x5d\xc8\x68\xda"
	"\x87\xdf\xe0\xe7\x12\x62\xe7\x8a\xae\x3a\xff\xce\xfa\x8a\x11\x22"
	"\xd8\x73\x91\x8e\x06\x90\xa4\xd8\x70\xc7\xf1\x06\x61\xd1\xea\x4d"
	"\x35\x52\x0c\x49\x38\x80\x39\x27\x62\xe7\xcc\xaa\x41\x54\x6a\xf1"
	"\xa3\x0b\x19\x3e\x26\x35\x49\x39\x21\x1c\xb2\x22\x9d\x12\x69\x96"
	"\xc4\x7e\x34\xa6\xaf\x77\x69\xd6\x8c\x49\x2d\xd9\x95\x62\x46\x1d"
	"\x13\x21\xee\xb3\xbc\x97\xab\xf3\x1c\x8e\x33\xc7\xdc\xcf\x64\xe8"
	"\x68\xba\xa7\x9c\xed\x43\xd5\xf8\x7a\x5d\x91\xe1\xd4\x74\xbe\xc4"
	"\x52\xd6\xbe\xa0\xa3\xcf\xd6\xad\x24\x23\x9f\x8d\x8d\x69\xc7\xe2"
	"\x80\x15\xae\x98\x1f\x52\xf6\xbb\xeb\x0c\xe9\xe7\xb1\xe7\x50\x17"
	"\xe9\xd8\xc2\x59\xca\xd1\xd6\xc9\x21\x57\x52\xda\xc2\x23\x68\x96"
	"\x49\x66\xce\x54\x09\xaf\x5c\x34\x9e\xbc\x14\x15\x0d\x43\x21\x85"
	"\xca\xee\x37\x10\xa7\xb2\x45\x11\x75\x53\xb8\x72\x27\x23\xa0\x3a"
	"\x90\x37\x07\x1a\xca\x31\xb5\xd8\x90\x64\xb8\x03\x40\xd3\x25\x60"
	"\x35\x8d\x72\x4b\xde\x90\xad\xa6\x68\x32\x5c\xf9\xc6\x0e\x7c\xcc"
	"\x67\x18\xa4\xd1\x6c\x50\x37\x5e\x52\x3f\xa6\x91\x1e\xd7\xe9\x3f"
	"\xe4\x59\xf1\xc0\x3a\x03\x14\x06\x82\x7a\x88\xbd\x03\x18\x7f\x8b"
	"\x69\xee\x4b\xf6\x7b\xe0\x8d\x9a\x5f\x6d\xf2\x51\xe4\xf8\x33\x41"
	"\x4c\xa0\xe9\x78\x8b\xd0\x33\x36\xc4\xd6\x88\x29\x9d\xf4\x13\x4a"
	"\xee\xb5\x88\x40\xec\x24\x33\x2d\x62\x4d\x73\xcc\xd1\x13\x40\x96"
	"\x49\x8a\xae\xcd\xfb\x24\x9a\x3a\x35\xf1\xd7\x7a\x04\xaf\xab\x4c"
	"\xdd\x7f\x4e\x40\x5b\x22\x5a\x77\x8f\xe8\xda\xa5\x26\xc1\x8d\xcf"
	"\xb8\x92\x59\x9d\x4c\x08\x97\x11\x47\xad\x78\xe0\x91\x12\x5c\xc5"
	"\xe0\x4a\xd8\xf9\x5e\xc1\x1c\xc3\x77\x3d\xf0\x12\x2a\x9a\x3a\x6c"
	"\xc6\xcc\x2a\x39\xdf\xf5\xc3\x75\x5a\xfe\x7e\x3a\x7d\x3c\x1e\x5f"
	"\x4e\x8b\xa4\xd9\x5c\xaf\xdf\xdf\xbe\x7d\x7b\x7b\x1d\x40\xdf\xbe"
	"\xc3\x95\xc4\xc7\xcc\x27\xff\x31\x32\x81\x38\x17\x02\xa2\xc5\x12"
	"\xd6\xe2\x32\xf6\x20\x46\xa8\x19\xc3\x6e\xc0\x34\x29\x12\x0d\x79"
	"\x88\xca\x4c\xd9\xd1\x72\x0f\x0d\x89\x19\x6c\x01\x4c\x54\x29\xb8"
	"\x43\x71\x6c\x4b\xad\xdd\x99\xd4\x56\x5a\xfe\x7d\x32\x73\x52\xc3"
	"\x78\xf9\xfc\xf8\xfe\x76\x7a\x39\x3d\xfe\x78\x3f\x3b\x36\xe2\xa5"
	"\xeb\x2c\xa0\xc9\x3b\x13\x8a\x99\x5b\xca\x3e\xc9\x3d\xcf\x9b\x15"
	"\x41\x25\xfb\xb2\x3f\xf0\xb4\x44\xb4\x58\x8a\x0c\x07\x65\x97\xd1"
	"\xe3\x9c\x03\xd8\x18\xce\xb9\xfe\xef\x35\x36\x89\xc3\x43\x87\xd2"
	"\x95\x96\xa4\x64\x63\x87\x9a\x41\xe5\x0a\x0a\x6c\xf4\xd1\xf4\x04"
	"\x88\x06\x25\x1e\x00\x43\x0b\x73\xd1\xd8\x83\xee\x3c\x1b\xf3\xe8"
	"\x7a\x85\xf8\xbe\x11\x82\x99\x06\x0f\x21\x9e\x49\x16\xdf\x45\xde"
	"\xb1\x5e\x20\x45\xe2\x63\x5b\xd0\x1e\xb3\xe4\x07\x96\xd4\x5a\x48"
	"\xc2\x5c\xbf\x70\x9d\x1b\x30\xee\x0d\x18\xef\x06\x8c\x6f\xc0\x78"
	"\x4e\xe1\x39\x66\x8c\x6f\xd6\x8f\x0e\x77\x4b\x5a\x81\x19\x13\xba"
	"\x46\x4c\x60\x2e\x5a\x68\x99\x21\xb7\x15\x2c\x34\xab\x3d\xc0\xf6"
	"\xfb\xe8\x96\xe4\x5c\xd4\x5f\xff\x00\x83\xbc\x99\xbe\x42\x7c\xb7"
	"\x30\x24\x23\xe6\x47\xc7\x1e\x5f\x8b\x28\x08\x79\x27\x2b\x47\x92"
	"\xb9\x99\x31\x63\xa1\x6d\xd0\xb2\x8c\x45\xae\x1d\x18\x21\x8e\xb9"
	"\x5e\xce\x30\x53\x35\xaf\x78\x19\x18\x86\x34\xb8\x5a\x3c\xb4\x77"
	"\xae\xe5\xea\x05\x13\xeb\xf8\x38\xf2\x0d\xa3\x90\x04\xc5\x98\xdf"
	"\xec\x21\x28\xd0\x37\xc6\x39\x30\xee\x61\x97\xa4\xe7\x8b\xab\x9b"
	"\xe1\xe7\xb7\xa1\x5a\xbc\xd8\xe7\xd8\x41\x64\x1b\x31\x61\xbc\x37"
	"\x36\x45\x8f\x33\xb5\x85\xc0\x89\xc6\x8f\xc8\x2d\x09\x76\xc0\x1b"
	"\x52\xf4\x6d\xe7\xaf\x5b\x12\x94\x38\x53\x7a\x2d\xf7\x03\x83\x7a"
	"\x02\xc4\xb5\x8d\x90\x30\x34\x66\xc6\x56\xbc\xf0\x75\xab\x67\x09"
	"\xa2\x6d\x7e\x5e\xba\x9a\x67\x70\xf3\x22\x8b\xb1\xd2\x09\x2c\xc7"
	"\x2c\xdb\x19\x67\xaa\x58\x81\xf3\xfc\x40\xaf\xed\x8c\x13\xec\xf1"
	"\xcb\x10\xe2\x1b\x2a\x82\x53\xb1\x18\xd5\xaf\xe7\x38\x61\x8e\x6f"
	"\x98\x53\x04\x06\xf5\x7a\x34\xc4\x84\xf6\xde\x8c\x71\xf4\x32\xf3"
	"\x9c\xc4\x51\xa8\x1f\x98\x79\xb1\x75\x1d\x8b\xd0\xc4\x71\x8d\xb5"
	"\x3d\xc4\x9a\x5a\xf0\x82\x75\xed\xfd\xfe\x46\xa4\x01\xc7\x5c\xe2"
	"\x38\x61\xa6\x05\xed\xca\xc8\xb7\x2d\x23\xc4\xb0\x36\x92\x10\xcf"
	"\x08\x89\x8c\x19\x61\xfe\x3a\x87\x10\xcc\x6d\xfa\x00\xe2\x9a\x53"
	"\x71\x43\x23\xc4\x33\xa7\xe2\x9b\x4b\xe4\x1b\xab\x2e\x0c\xcd\xa9"
	"\x84\x81\x09\x12\x59\x9e\x51\x21\xcf\x30\x93\x2e\x82\x13\x25\xcb"
	"\x28\x76\x1c\x58\x66\x88\x63\x84\x84\x9e\x19\x62\x6c\xf1\x38\xd2"
	"\x2f\x17\xbf\xc8\x6d\x68\x1c\x34\x8e\x5e\xa0\x8a\x6c\x22\xdf\xb3"
	"\x8c\x98\xc8\xbe\x01\x63\xe8\x11\xbc\x21\x10\xd9\x89\x38\xe6\x31"
	"\x49\x37\x22\xc8\x0b\x19\x79\x60\x69\xc2\xb0\x64\xa3\xc7\x75\xf3"
	"\xd6\xaa\x25\xcd\xfa\x76\xe0\x5c\xaa\xdd\x31\x1b\x4d\xa7\x7e\x35"
	"\x04\x71\x70\xca\x4e\xd3\x6b\x60\x59\xde\x66\xd5\x8a\xaf\x47\xdc"
	"\x96\xec\x06\x4f\xcf\x26\xdf\x5e\x6f\x6b\xba\x9d\xfe\xf7\xd3\x23"
	"\x18\x40\x43\xc6\x13\xcf\x06\x80\x27\x1e\xcf\x92\x71\x0e\xe0\xe6"
	"\x64\xc3\xeb\xcd\x94\xdc\x6e\xf6\x33\xa4\x43\x9e\x2b\xd4\x66\xf4"
	"\xb8\xe0\x42\xa2\xad\x42\x64\x1b\xa6\x50\x36\x70\xda\xa8\xd4\x46"
	"\x56\xdc\xd1\x4a\xa5\xf1\xba\x99\xe4\x9b\xac\xb3\xb6\x7d\x50\x69"
	"\x54\xfc\x52\x89\x75\xcb\x88\x2a\x4d\xd3\xd6\x29\xbd\xcb\x1e\x14"
	"\x91\x12\xf9\x34\x40\xa1\x35\x8e\x6d\x3b\x0a\xed\xa1\x3f\x6e\x1b"
	"\x10\x45\x6b\xad\xea\xaa\xed\xbc\xbb\x5f\xac\x68\x7a\xda\xa4\x00"
	"\x59\xc9\xa6\xb4\x22\x1b\x85\x9d\xee\x68\xb5\x42\xf8\x22\x04\x57"
	"\x15\xa1\x5c\xd2\x56\xd5\x8e\xbc\x55\x92\x5a\xd7\x05\xcf\x46\xa1"
	"\x2a\x3b\xca\x21\x9f\x8b\x18\x20\xd3\xe0\x41\xe4\x2a\x75\x27\x72"
	"\x9f\x51\x98\xbb\x07\x45\x0b\x36\x09\x18\xaf\x25\x63\xe2\x8e\x14"
	"\xa2\x31\x15\x39\x1f\x5a\x69\x12\x3e\xa6\xd2\x84\xa4\x4a\x8a\x94"
	"\x2b\x04\xbe\xa3\xd5\x9a\x54\xaa\x78\x15\xa3\xa2\x27\xa9\x09\x16"
	"\x89\x74\x79\xaf\x10\xb3\x54\x25\x40\xac\x55\x85\x26\xca\x31\xed"
	"\x38\x3d\xf5\x90\x7e\x46\x18\xe2\x47\xd3\x28\xf7\x66\x1d\x07\x89"
	"\xdd\x0d\xfc\x76\x53\x2e\x8b\xac\x21\xa9\xa3\x43\xad\x62\xcf\xd2"
	"\xf1\x77\xeb\x0c\xcc\x91\xd0\x76\x95\x66\x0e\x65\xbd\x61\x4a\x8d"
	"\x96\xe4\x21\x07\xf3\x7e\x85\x4a\xc1\x2d\x76\x9d\x73\x85\x5c\x43"
	"\x90\x57\x55\x17\xcb\x4d\xc1\xe9\x8c\x82\x54\x10\x12\xb6\x4a\x95"
	"\xba\xad\x38\x55\x09\x2d\x5d\x8d\x49\x75\xdb\x69\xed\xb0\xff\x92"
	"\x0a\x3c\xec\x17\xf5\x50\xe9\x07\xc4\x49\xcf\x6a\xb2\x4a\x14\xb7"
	"\xe2\x2a\x55\xec\x3b\x1f\x2a\x65\xa0\x6b\xc4\x28\xd2\x59\xf6\x4c"
	"\x89\x9d\x69\xdb\x0c\xfd\x72\x1b\x3b\xcf\x16\x8a\xa6\x0c\x17\x4d"
	"\x41\xaa\xff\x66\xed\xca\x7a\x1b\xc9\x91\xf4\x5f\x11\xfa\xa9\x07"
	"\xd8\x1e\x48\xa9\x7b\x17\xf3\x90\x62\x32\x25\x8e\xf2\x52\x32\x53"
	"\x92\xeb\x25\xe1\xb6\xd5\x2e\xa3\x6d\xcb\xb0\x55\x33\x5d\xf3\xeb"
	"\x97\xc1\xbc\x99\x0c\xd2\x0b\x2c\x0a\x28\xdb\x8c\x2f\x79\x04\x83"
	"\x77\x1c\x52\x01\x95\x0c\x09\x77\xf0\x64\xdb\x1b\x12\x9d\xc4\x61"
	"\xdb\x52\x26\x4e\xe8\xfd\xb4\x14\xb4\x28\xd4\x01\x94\xc6\x84\xb8"
	"\x4a\x05\xc5\xdc\x38\xe0\x6e\xa5\xa7\xab\x24\xf6\x66\x56\xf8\x6b"
	"\x50\x11\x19\x75\x13\xec\xfd\x95\xe4\x8c\xba\xe1\x20\x49\xc8\xa7"
	"\x58\xbc\xa8\xd2\xf8\xca\x63\x82\x52\xef\x50\x11\x92\x6d\x4a\x69"
	"\xe4\xf2\xee\x54\xdd\x24\x0d\x6b\x05\x81\x80\xff\x19\xdf\x55\xf9"
	"\x76\xcc\x2b\xdb\x74\x7c\xa4\x64\x4c\x9d\x0e\xc4\x04\xc6\xa9\x3a"
	"\x6f\x64\x3b\x31\xe7\x84\x6a\x5a\x9a\xf3\x2c\x74\xc1\x72\xa0\x1f"
	"\x06\xa3\x4d\xc7\x0b\xce\x61\xf5\x2f\x12\x3e\x55\x67\xd0\xc1\x0a"
	"\x71\x62\x2c\x8c\xd5\xb9\xf1\xcc\x84\xc0\xf7\x93\xbe\xd1\x34\x56"
	"\x99\x50\xa7\xe1\xf5\xf8\x76\xe7\x89\x95\x5f\x9d\x4d\xcb\xd0\x12"
	"\xc5\x2e\xdf\x68\xd3\x89\x68\x20\xa8\x78\x28\x01\x28\xe4\xb2\x1f"
	"\x24\x4a\xf7\x1e\x8e\x69\xbd\x85\x01\xdb\x7c\xed\xbe\xa9\x7c\xdc"
	"\x1b\x8c\x49\x4f\xb1\xd6\x67\x5e\xf9\x82\xde\xd8\x09\x69\x33\x83"
	"\x47\x89\x9d\xfa\x6d\xbc\x23\xac\x00\x7d\xc2\x80\x56\xfa\x91\x7d"
	"\xfa\x20\xf2\xb2\x7c\xb3\x94\xc1\xb7\xfa\x69\x6e\x0a\x73\xbf\xcb"
	"\x8b\x1d\xe9\x17\xd1\x87\x25\x84\x29\xdf\x45\x91\x98\xa1\x08\x2d"
	"\x22\x7a\xaa\x54\x74\x9a\xa0\x23\x7d\x8b\x51\xe0\x52\xf5\x80\xd6"
	"\xe7\x50\x1d\xc4\x06\x94\x39\x18\xef\xa9\x09\x49\x32\xea\x42\xab"
	"\xcb\x87\x6c\xab\x7e\x27\x92\x8a\xd3\x4e\xcc\x13\x01\xe3\xb8\x1f"
	"\x0f\x40\x6d\x02\x39\x0d\xf2\x0c\x24\xc3\x88\xf4\x39\xee\x6f\x03"
	"\x26\x4b\xd0\x7b\xdb\x42\xe4\x6e\x91\x80\x28\xf3\x4a\x5f\x0c\x7d"
	"\xdf\xd7\x90\x74\x92\x1d\xb3\x71\xfd\xc1\x8e\x5c\x4a\xd7\xf5\xf3"
	"\x06\x76\x51\x60\x07\xf8\x02\xba\xcb\xc3\x77\x28\xf9\xfd\x62\x79"
	"\x1e\x8f\xa1\x0b\x91\x82\xcf\x20\x2e\x6a\x0f\x97\xa9\x83\x9e\x2d"
	"\x53\x2b\x23\xf4\x3e\x89\xb6\xd9\xf4\xca\x97\xe9\x29\x68\x34\x0b"
	"\x46\x16\x19\xd6\x7c\x09\xcb\x32\x10\x19\x2e\x76\xc4\x9e\x26\xf3"
	"\xb2\x36\xc3\xcc\x43\x43\x07\xd4\x80\x62\xc7\x19\x31\xa3\x44\xdd"
	"\x9b\xa6\xe1\x1d\x7e\xce\x9d\xc9\x78\x97\xa8\xfc\xec\x81\x18\x4f"
	"\x26\x93\xc5\xd9\x8a\x99\x2e\x1c\x23\xc6\x17\xe2\x05\xaf\xa9\x26"
	"\x0c\xc4\x3d\x85\x00\x14\x26\x4c\x5c\x35\x0f\x05\xe4\x36\x00\x0f"
	"\x56\x13\x73\x19\xe9\xca\x5d\x2c\xe6\xeb\xa5\x11\x04\x2c\x96\xfe"
	"\x17\x40\x57\x4b\x2b\xd4\xa5\x02\xfe\x88\xbc\xdc\x7f\x7e\x0e\x8f"
	"\x7e\x72\x72\x21\xa1\x2a\x05\x52\xef\x06\x51\x9c\x91\xe3\xc8\xc3"
	"\x3b\x34\xeb\x5b\x2d\x94\x31\xdd\xc5\x1a\xf4\xdf\xa3\xd2\xa3\x4e"
	"\x9c\x82\x06\xee\xe3\xe5\x1d\xcc\x66\xc1\x80\x9d\x13\xce\x46\xbf"
	"\xff\xb8\x8d\x36\xc1\x1e\x26\xb7\x82\x7b\xa3\xd7\xfb\x9f\xb5\x7e"
	"\xc0\xfd\xcb\xe7\x75\xf4\xfb\x65\xf4\x76\xb9\x3c\x5e\x1e\xff\x47"
	"\x64\x7a\xe9\xe5\xb4\xbb\xbc\xbc\x4b\x5d\x81\x57\xf0\x56\xf9\xfc"
	"\xf6\xc7\xb5\xdf\xbc\x0a\xa7\x36\xb1\x4a\x36\xe8\x10\x75\x51\x70"
	"\x1c\x35\x39\x50\x6a\x72\x73\x33\xd7\x77\x37\x56\x9c\x2f\xb6\x24"
	"\x58\xd4\x9b\x2e\x8e\x71\xcf\x31\xb8\x03\xab\x61\xe2\x77\x37\xb3"
	"\xa2\xb8\xe7\xa5\xe3\xf5\x97\x60\xf3\xb9\x15\xf6\xcf\x3c\x4c\xf8"
	"\x2e\xb6\x17\xeb\x06\x6e\xee\xb9\x56\x58\x1c\x51\x79\x34\xb0\x02"
	"\xf7\x6e\x1a\xda\xb3\xab\x1d\x60\x88\x0e\x21\xf6\xfe\xa0\x91\x60"
	"\xe2\x66\xe1\xcc\x71\x5e\xe7\x2e\xd7\x0e\x30\xf6\x7a\xff\xf4\xfc"
	"\xf6\xa4\x73\x41\x24\xa7\x13\x8f\xac\x0c\x3d\x28\xcf\x4f\x06\xc9"
	"\x62\x09\xee\x1e\x5f\x7e\x2f\x67\x01\x2f\x25\xc8\x2a\xe0\x9d\xc8"
	"\x74\xb0\xd6\x8b\x34\x71\xbc\x37\xac\xd7\x12\xb1\x75\x55\x9f\x50"
	"\x2a\xc2\x03\x8f\xee\x69\xdc\x46\xc7\x4a\x5e\xee\x6f\x62\x28\xbe"
	"\x8e\xb6\x2f\x3f\x2e\xd5\xfa\x59\xbb\x34\x51\xb6\x23\xf0\x7d\xec"
	"\x0f\x3c\x50\x34\xb4\xd2\xd8\x56\xad\x15\xee\xca\x0b\x4c\xd3\x98"
	"\x47\x5d\xa4\xbe\xb0\x3a\x2c\x17\xe3\x7e\x41\x55\xe2\x70\xad\x6e"
	"\x08\x82\x49\x75\x03\x07\x8b\x0d\x00\x4a\x1e\x49\x88\x71\x61\x02"
	"\x6c\xc3\x2d\xad\x18\x01\x8b\xf4\xf3\x73\xa9\xec\xa7\xec\x38\x4b"
	"\x05\x40\xf0\x78\x1f\xab\xec\xab\x68\x1a\x7d\xed\x0e\xd5\xa0\xac"
	"\xde\x41\xb9\x2c\x25\x10\xa8\xd1\x8a\x4b\xf7\xd3\xc9\x64\x61\x83"
	"\x95\x57\x78\x48\x0f\xd5\x4d\xda\x4d\x67\x13\xa4\xd2\x72\xa3\xb9"
	"\xa3\xa6\xa9\xae\x04\xc2\xb3\x31\x5c\x5f\xd2\x80\x1a\x36\x88\x75"
	"\x89\x89\xd8\x12\x9c\x91\x22\xeb\x69\x24\x5c\xd9\xca\xa4\x61\x42"
	"\xb7\xe6\x92\xfc\xcc\x63\x82\xf3\x31\x52\xd6\x91\xf1\x38\xb5\x15"
	"\xc3\x12\xf7\x60\xc5\x58\x73\xa1\x42\x6c\x51\x3d\x44\x0d\x4e\x9c"
	"\x75\x6d\x50\x7f\x35\x71\x0c\xde\x03\x5b\xd4\x7c\x7a\xb6\xa1\xb6"
	"\xd2\x06\xc5\xce\x8a\x93\x15\x92\xe7\x36\x08\x5c\xf5\x26\x6e\x54"
	"\x24\xa6\x35\xaa\x07\xb5\xc2\x02\x6e\xe5\xd6\x3e\xde\x80\x35\x2b"
	"\xb1\xf6\x40\x48\xb2\x22\xff\x02\x63\xa5\x6d\x8c\x15\x14\xf3\x25"
	"\xf6\xd2\xab\xc0\x56\x33\x3b\xec\x9c\x7f\x45\x86\x22\xf7\x18\xba"
	"\x96\x51\x9f\x04\xce\x74\x3c\x45\xc6\x45\x9c\xb1\xc5\x6a\x6e\x1d"
	"\x80\x07\xe2\xe6\x56\xc9\x3a\x88\x49\x18\x4e\xe6\x36\x1c\x4f\x48"
	"\xb2\x3a\xcf\xad\x30\xd7\xb7\x4e\x8e\x9c\xd1\x34\x75\x4f\x2c\x15"
	"\xb3\x11\xe7\x56\xf4\x5d\xb8\x89\x03\x1b\xca\x3e\x1c\xa5\xb5\xe1"
	"\x3f\x15\xa7\xdc\x3a\xe0\x59\xcc\xf1\xb1\x95\x1f\x71\x82\xba\x66"
	"\xe9\xa2\xc2\x88\x45\x34\xfb\x4a\x66\xc4\x9e\xdb\x19\xee\x88\x8a"
	"\xd0\x9a\xdd\x89\xf1\xdd\x26\x8e\xec\x1d\xc1\xf3\xc9\xd8\x2a\xd5"
	"\x87\xcc\x3a\xd6\xf2\xc4\x5b\xae\xfc\xf1\x72\x6a\xcd\x6c\x70\xba"
	"\x68\xd6\xfb\xfe\xb5\xcd\xa3\xfe\xaa\x81\x86\x6c\x81\xd7\x46\x50"
	"\x1d\x7c\xcd\x75\xbd\x3c\x33\x8e\x87\x23\xa7\x5b\xc3\x3d\xcb\x36"
	"\xce\xe0\x51\x04\x47\x18\x8e\xa5\xf5\xaa\x49\xee\x96\x64\x31\x35"
	"\xc0\x64\x2c\x5c\x7c\xe7\xe4\xc9\x77\x08\xfc\x38\x0f\xeb\x29\x0d"
	"\x0c\x33\xb2\x7c\x6f\x34\x39\xd6\x91\xac\x60\x5c\xfc\x38\x6e\xf1"
	"\xf9\x3f\xc0\x9b\x9a\xa5\x6e\x44\xe8\x91\x6d\x52\x34\x1e\xb4\x6c"
	"\x4a\x7c\x72\xd3\x94\x19\x10\xaa\x93\xa5\xde\x6d\x0a\x17\x9b\x4c"
	"\x79\xce\xf7\xd9\x39\xcb\x53\xcd\x7e\x14\xde\x17\x7c\x7c\x3d\xbc"
	"\x13\x1f\xe1\xc2\x40\xbf\x49\x76\x9e\x71\x59\x83\xab\x26\xf1\xd3"
	"\x99\x4f\x0c\x8e\xae\xe1\x4a\x08\x7e\x99\xce\xc7\x53\x2b\x68\xb6"
	"\x18\xcf\x90\xf6\x4a\xbf\xc0\xa2\xc7\xc0\x5b\x1c\x1d\xde\x55\x92"
	"\x9d\x1b\x73\xb1\x16\x23\x5f\xa7\xb4\xb4\xc7\x29\xa2\xcd\xf2\x98"
	"\x1c\xd6\xe3\xd9\xe0\x24\x91\xdd\x25\x94\x80\xaf\x54\xf0\x4e\x31"
	"\x9f\xcc\x0d\x5e\xd5\x21\xa4\xb0\xc7\xdc\x6d\xe5\xd2\xc3\x88\x0b"
	"\xbd\x50\xde\x00\x7c\x05\xbb\xe7\x1a\x54\x33\x3b\x24\xdf\x7f\x7e"
	"\x3e\x3f\xdc\xbf\x8c\x82\xfb\x9f\xe2\x08\xa5\x3d\x17\x24\xbb\x3b"
	"\xed\x6d\xac\xbb\xa7\x10\x87\x5b\xc3\x9d\xa8\xf4\xbd\x5b\x9c\x09"
	"\x65\x47\xf5\x5b\x30\x4c\x2c\x8e\x1b\x83\x4b\x6a\x79\xc3\x86\x45"
	"\x3a\x04\xf7\xa6\x51\xc2\x0b\x9f\x86\x59\x0c\x75\xc3\x8f\xac\x02"
	"\x2a\x2a\x6a\xa4\x73\x6e\xca\x41\xda\x88\xae\xce\x93\x85\x5a\x8e"
	"\x8a\xa1\x61\x5e\xb1\x49\x97\x7f\x71\x08\x13\xd5\x45\xeb\xa1\xe2"
	"\x2c\xe2\x92\x75\xc7\x11\xce\xe7\x41\xa2\x75\xce\x54\x9f\xf9\x4a"
	"\x06\x46\x99\xe2\x2f\xb8\x3c\x3f\x0e\xba\xa2\x3c\x55\x9a\xaf\xa6"
	"\xba\x20\xf0\x1d\x41\xb1\x5b\xfb\x0a\x08\x5d\x5b\x48\xb5\x91\xf5"
	"\x78\xac\xa1\xd7\x57\x21\x51\x1e\x16\x9b\xdc\xf7\xc1\xa0\xcd\xe9"
	"\x14\xa9\x9c\x39\xf5\x62\x7b\xf9\x78\x7e\xff\x7e\xf9\x10\x82\xdb"
	"\xde\xa3\xab\x8b\x5a\x7d\x09\x9b\x7b\x06\xcf\xed\xa9\x91\x5c\xdf"
	"\x8d\xe2\x4e\xc1\xcf\xae\xb3\xc4\xe7\xbb\xf0\x68\xcc\x1e\xc8\x53"
	"\xc3\xdd\x6d\x94\xc0\xe7\xf2\x6e\x1b\xcf\x03\x2a\x88\xcf\xa7\x1b"
	"\xf1\xbd\xa9\x0a\x6e\xe8\xcd\xe7\xd3\x85\x09\x22\x36\x5a\x8e\xb3"
	"\x74\xcc\x74\x93\x1f\xfa\x78\x8f\x1f\x8e\xe8\xd6\x19\x67\x36\xd9"
	"\x1b\xba\x82\xee\xcf\xd3\xac\x8c\xf6\x6c\x7a\x4e\xe8\x60\xcc\x2f"
	"\x0a\xa5\x43\x45\xfc\xd1\x25\x60\x1b\x30\x75\x8b\x79\x4f\x15\x44"
	"\xca\x5b\x75\xc3\xdd\x1d\xad\xda\x4b\x95\xbc\xa0\xb0\x1f\x51\x13"
	"\x6b\xbb\xc5\x5e\x96\xba\xef\xfd\x22\xde\xd0\xb3\x9a\x16\xa9\x85"
	"\xfb\x05\xd5\x24\xd1\x41\x12\xcf\x37\x9c\x2a\x8f\x8a\x69\x24\x36"
	"\x33\x2a\x50\x9b\x18\x82\x35\x7f\x7b\xf7\xdd\xa3\xf9\x03\x74\xee"
	"\x12\x67\x90\x43\xcf\x7a\xb9\x4c\x1b\x3c\x8d\xfa\x60\xa9\xaa\x26"
	"\x25\xc3\xa4\x52\x2d\x8e\xa7\x64\xd8\x37\x83\x24\x58\x6e\xd5\x34"
	"\x32\x08\x8e\xe3\x83\x2b\xf4\x41\x6d\xb6\x7c\x50\xe7\x83\xa7\x06"
	"\xdf\x29\x7f\xf5\x91\x54\x6d\xdf\x36\xc4\x81\x2c\x35\x94\x61\xe7"
	"\x37\xa4\x08\xfd\x88\x9a\x28\xad\x08\xf4\xc7\x4c\x0d\x39\x10\xd9"
	"\xf5\xc8\x88\x68\x60\xb5\x7c\xe8\x33\x49\x43\x31\x51\x14\x1b\x43"
	"\x8c\x83\x06\x1a\x6e\x58\xa8\x22\xb5\x55\xa7\x58\xa3\x14\xa9\xd4"
	"\x17\xe3\x17\x01\xf8\xc4\xb0\x95\x32\x94\xe3\x0e\x69\x20\x95\x1d"
	"\x5a\x62\xa0\x0d\xc4\xb1\x4b\xd3\xcb\x70\x83\xc8\xe9\x91\x46\x99"
	"\xa1\x59\x62\x94\x4d\xec\x5c\x2e\x71\x1a\x07\x5c\x28\xd8\xc1\xd9"
	"\x30\x18\xc3\x1d\x62\x39\x98\xd1\x4a\x1c\xc9\x57\xea\xaa\x79\x2a"
	"\xd4\x03\x87\xa3\xba\x43\x1c\x0e\xef\x2e\x71\x30\xce\x3b\xc4\xc1"
	"\x80\xef\xd0\xaa\x91\x8f\x55\x9d\x25\x44\xbf\x8b\xb9\xfe\x5b\x7a"
	"\x2e\x7b\x81\x4d\xf7\x4f\xe9\x4f\x3c\xfb\xf9\x7e\xf9\x4d\x6b\x99"
	"\x5a\x1e\x25\x72\xc2\xd9\x17\xf2\x52\x36\xf0\x4a\xab\x12\xaf\x48"
	"\xe2\x80\x91\xce\x7e\x55\x46\x8f\x2c\x69\x9a\x4d\xa7\x38\xda\x4a"
	"\x5d\x08\xfc\xcd\x4a\xec\x4a\x0b\x74\x4b\x7f\xd2\x79\x1a\x0e\xc3"
	"\x8e\x78\x8b\x3f\x40\x61\x04\x7a\x39\xf6\x61\xb1\xef\xf4\x60\x72"
	"\x4a\x39\x3d\x88\x2d\x76\xf7\x83\x2a\x71\xe0\x57\x5c\xe4\xb3\x81"
	"\x43\x89\x26\xa9\x76\x34\xd1\x7a\x94\x68\x49\x8d\x6f\xb1\x94\x42"
	"\x64\xdf\x9e\x8a\x16\x8c\xc5\xdc\x45\xae\x1f\x21\x0b\xd4\x6b\x31"
	"\x10\x85\xd4\x6e\xab\x6d\x2e\x8a\xa1\xe1\x86\x7a\x9e\x28\x5d\xba"
	"\xe1\xd7\xb2\x4a\x7a\x2e\x8c\x62\xd0\x6e\xf2\xc4\xf6\x9e\x65\xfd"
	"\x06\x92\x60\xbf\x75\xb3\x5e\xbd\x21\x59\xb0\x07\x7c\x1d\x53\xe9"
	"\x4f\x43\x6a\xc6\xa1\x75\x20\xe9\x5d\x92\xc5\x43\xef\xfd\x32\x38"
	"\x40\x19\x1f\xe0\x0b\x6a\x2b\x90\x13\x7e\x9a\x00\xaa\x9b\x86\xe2"
	"\x07\x43\x5a\xc9\xbd\x5d\x57\x71\xa5\x49\x2a\x44\x1f\xc0\x33\x0b"
	"\xe7\x71\xdf\xfd\x45\x8b\x48\xcc\x99\x8a\x4d\x74\xe6\x87\xfa\x4f"
	"\x63\x31\xe5\xa6\x2e\x47\xae\x77\xfa\xb8\x6c\x3d\xb1\xa0\x40\x69"
	"\x38\x42\x1c\x40\xb4\x28\x1f\x7e\x4e\xc7\xc6\x2a\x2b\x4f\x93\x52"
	"\xd6\x98\x0f\x8e\x68\xf1\xcc\xb1\xd0\xdd\xd0\xc5\x9b\x25\x16\xd0"
	"\x5d\x50\x8f\x32\xae\x65\x88\xb8\x82\x94\xdf\xbb\x47\x26\xce\x6c"
	"\xd9\x2e\x8f\x3c\x9a\x9e\x51\x9c\x77\xc2\x0b\xc9\x37\xd3\x31\x5e"
	"\x87\x9c\xef\x88\x81\xe8\xed\xd8\x42\x9c\x71\xf1\xef\xc9\x41\x6c"
	"\xdc\x71\x06\xd4\x3e\x39\x13\x03\x26\x44\xdc\xc0\xb4\xbd\x72\xa6"
	"\x51\x8c\x4b\x0a\x5c\xb9\x08\x3a\x09\xbd\x43\xc1\x30\x29\xa0\x21"
	"\xcf\x98\xfe\xe6\x84\x9e\x14\x3d\x5d\xa9\x88\x56\x07\x76\x6c\x15"
	"\xac\x9b\xd4\xc2\x57\x7d\xa1\xf7\x41\x9b\x14\x6e\xec\x22\xb8\x25"
	"\xdd\x9d\xe0\x4a\x2b\xda\xd2\xa1\xa1\x08\x78\xcb\xd2\x2c\x3a\x65"
	"\x0e\x24\x5c\x4c\x11\x8b\xaf\x16\x30\x37\x00\x82\x70\x3a\x47\xee"
	"\xb0\x6b\x3a\xe6\x41\x40\xd2\x13\xe2\xae\xb1\x88\x61\x12\x80\x3a"
	"\xbb\x2a\xb3\x4f\xa6\xeb\xd9\xcc\x4c\x9f\x3b\x26\xfa\x7c\xee\x4c"
	"\x2c\xf4\xa9\x99\xbe\x30\xe6\xbf\xc2\xa2\xec\xd5\x74\xcc\xf4\xb9"
	"\x65\x0f\xe2\x10\xac\x01\x2c\xa6\x16\xc0\x7a\xbe\xd0\xad\xd3\x92"
	"\x2e\xb7\x07\x52\xd0\x8a\xa3\xa3\xc8\xa6\xa4\xed\x5c\x78\x6a\x19"
	"\x8a\xa8\x27\x76\x98\xce\x8c\x8f\x11\xdb\xb0\xb2\x70\xc4\xa7\x9b"
	"\x24\x36\xe1\x86\x0d\xe2\xe7\x39\xab\xb1\x89\xbd\xd9\x74\xbe\x36"
	"\x74\x4f\x46\x5c\x88\x4d\x6d\x00\x04\x64\xbe\xc6\x4c\x42\x1b\x01"
	"\x9f\xff\x85\xd3\x19\x9f\x4e\xfc\x60\x3a\x59\x9f\xad\x18\xc5\xad"
	"\x60\x8f\xd3\x32\xaa\x56\xb0\xaf\xb5\x60\xda\x41\x2b\xf5\xd2\x7e"
	"\x7f\x79\x7e\xfb\xf3\xd7\x49\x19\xa8\x2c\xdd\x6e\x46\x95\x0b\xbc"
	"\x1f\x6f\x10\xa5\x40\x63\x99\x35\xfa\xb5\x55\x1b\xff\xdb\x70\xd8"
	"\xc3\xed\x78\x88\xd6\x05\xfc\x16\xa7\xac\x50\x7c\xe7\x49\x1a\xbf"
	"\xe3\xd8\xab\x9b\xa4\xe7\x9c\x1a\xba\x53\xca\x53\xfd\xce\xa1\x86"
	"\xaf\x6e\xda\x9d\x7d\x3c\x3f\x3d\xf5\xae\xaa\xbb\x1a\xbb\xea\xfc"
	"\x59\x2b\xf2\x0e\xdc\x94\xf5\xa8\xb1\x98\x25\x31\x45\xb3\x1e\x70"
	"\x47\xc5\x7e\x70\x83\xe9\x87\xf4\xa0\x5a\xe7\xb2\x7a\x28\x49\x72"
	"\x3b\xc8\x3c\xd3\xd5\xa8\x5a\x09\xbb\xdf\x0b\x92\x79\xcf\xef\x37"
	"\x88\x96\xf2\x39\xba\x95\x1c\x6c\x25\x24\xba\xdc\xfe\x78\x7e\xb9"
	"\x41\x1c\x0b\x19\xb3\x61\xf4\x2b\x30\xfa\x76\xff\xf1\x74\xb9\x0d"
	"\xc5\xa3\x61\xa9\xd8\x97\x72\x86\x79\x07\xed\x37\x10\x0f\x93\xd6"
	"\xc3\x25\x6e\x84\x5c\xd0\x95\x7b\x40\xb6\x11\x47\x04\xc4\x2b\x2b"
	"\x13\xff\x47\x62\x91\x8f\x74\xf7\x77\x54\x4c\x47\x43\x25\x7a\x48"
	"\xed\xff\x55\x9d\x89\x41\x90\xfb\x3e\xe3\x24\x11\xdf\xe0\x4a\xb2"
	"\x6e\x7f\xd4\xa5\xef\xd3\xbb\x18\xb6\xc1\x8b\xd9\x20\xe7\x96\x04"
	"\x07\xb4\x00\x2f\xa3\x0b\x04\x66\x89\x8e\x2e\x90\xcd\x06\x8a\xcf"
	"\x0d\x78\xcc\x01\xad\x24\x9e\x41\xe3\x0b\x27\x13\xb0\x95\x3a\x97"
	"\xa5\xe1\x28\x39\x97\x05\x81\x3e\xc0\x7d\x46\xe0\x9a\xb5\xed\x13"
	"\x48\x50\x62\x5b\x43\xd2\x8e\x88\x1d\xdd\x9d\x3e\xb1\x76\x30\xfa"
	"\xcb\xc7\xed\x61\xfc\x4b\x17\x20\x88\x59\xbc\x23\xfd\xaf\xaa\x44"
	"\xe5\xab\x36\xb4\x7d\x46\xd0\xd0\x10\x40\x8b\x8e\xa1\xbc\x8a\x2a"
	"\xe3\x88\x65\xa2\x51\xb5\x07\xfe\xce\x04\x05\x40\x78\x99\x69\xc4"
	"\x4a\x4d\x07\x1f\x85\x9a\x64\xc5\x21\x63\x37\xbd\xc8\x19\x2d\x54"
	"\xd7\x8c\xfd\x5a\xa7\xc7\xc1\x01\xb5\xb1\x4c\x81\x9a\x6a\x76\x7d"
	"\xf5\x77\xee\x66\x33\xff\x46\x11\x27\xc7\x2d\xe8\x8c\x05\x82\xae"
	"\x21\x1e\x47\xbd\xce\x76\x21\x88\x15\x7a\x07\xb2\x40\x5e\x21\x6a"
	"\xc8\xee\x2e\x5c\xcd\x17\xe6\xfa\x8a\xa3\xf0\x62\x8d\x9c\x41\x6a"
	"\x4c\xca\xe7\x64\x6a\x29\x8b\xf1\x60\xe2\x20\x91\x8a\xfb\x18\xc7"
	"\x9c\xd1\x59\x40\xe6\x46\x44\x42\x7c\xd4\xfd\x43\x0f\x33\x5e\x7c"
	"\x01\xf4\x15\xcc\xca\xc2\xc3\xd9\x24\x5b\x99\x59\xb8\x39\x4c\x9d"
	"\xbd\x11\xc1\xc5\x99\x60\x8d\x3c\x88\xd7\x18\x3f\x44\x1d\x39\x35"
	"\x7d\x25\xc4\x6f\x62\x85\xcc\x11\xbf\x3d\xdd\x5c\x1c\x73\x2f\xd0"
	"\x70\x3a\x76\xcc\x52\x9c\x1e\x57\xab\xbe\x46\x42\x69\x14\x2f\x0e"
	"\xe5\x96\xa1\x06\x1c\x5d\xdb\x99\xbe\x9e\xd9\x07\x9a\x63\x87\xcc"
	"\xad\x90\xd9\xd4\x0e\xb1\x8f\xe8\xf5\xd8\x3e\x14\x11\x6d\xde\x86"
	"\xa5\x6b\xcc\xbd\x5e\xdb\x75\x33\x7b\xef\x2e\x26\x93\x2f\x0c\xf9"
	"\xd9\xea\x0b\x53\x87\x63\x1b\x3e\xce\xc4\x32\x56\x43\x92\x2c\xd7"
	"\x73\x64\x29\xd1\x78\x2b\x04\xf9\x81\xcb\xe1\x2f\x4c\xd9\x1e\x9f"
	"\x62\x3a\x9c\xfd\x1a\xda\x04\x59\xc8\xd1\x9a\x0c\xe3\x23\x37\x8a"
	"\xf7\xd6\x7a\x4c\x9c\xd5\xc2\x26\x20\x58\xe8\x92\x2e\x64\x6e\x95"
	"\xc4\xc5\x6a\x5e\xf8\x6e\xc8\x82\x3b\x1b\x72\x39\xb3\x0d\x0e\x67"
	"\x36\x36\x0f\x31\x08\xcd\xbe\xcc\x5c\x8b\xa0\xcc\x56\x99\xa5\xf5"
	"\x00\x99\xce\xad\x90\xf9\xda\x0c\xe1\xe1\xc2\xb1\x34\x6a\x73\x98"
	"\xad\x2c\x42\x9b\x26\x73\x62\x19\x65\x20\x10\xe6\x11\xf4\xed\x2e"
	"\x3a\x84\xc9\x40\x62\xae\x6f\xbf\xc1\xc1\xc6\x22\x2f\x49\x30\xb6"
	"\xcc\xf3\x80\x30\x57\xd1\xcf\xc4\x6f\xb6\xb5\x20\x09\x57\x67\xed"
	"\x09\xbb\x06\xc0\xf1\x53\xdd\x6e\xc9\x8e\x8f\x8e\xdc\xcc\xc4\xa5"
	"\xa2\xb3\xd4\x78\x60\x29\x23\xa9\xda\x58\xd0\x31\x5d\x86\x63\xaa"
	"\x4e\xc9\x27\x74\x5b\x9b\xdc\x36\x4a\x4e\x93\x8a\x68\x81\x0a\xc0"
	"\x30\x3c\x8e\x48\x2c\x68\xb4\xed\x05\xbc\x81\xb4\x2a\x32\x82\xbc"
	"\x28\x8c\x68\xc0\xfb\xd4\xd8\xef\x96\x0c\xa6\x6a\xa9\x2b\x84\x70"
	"\xeb\x21\x86\x52\x6e\x08\xd7\xad\xc1\x18\x09\x58\x28\xfd\xd7\x62"
	"\xdf\xc2\x73\x5f\x00\xaa\x99\x2e\x72\x8e\x08\xc5\xde\x49\x30\x0b"
	"\x89\x39\x9f\x04\xd3\xe9\xb8\xc0\x32\xaf\xbc\xff\x73\x14\x50\xaa"
	"\x9c\xd8\xc8\xa5\xcc\x9b\x4b\xd9\xb8\xa1\x19\xb0\x83\x36\x16\xe1"
	"\x16\x51\x40\x6e\x31\x1a\x91\x90\xc4\x2d\x84\xe8\x0c\x7b\x11\xcd"
	"\xbb\xe9\x86\x03\xab\x84\x41\xc8\x78\xb4\x17\xbc\x13\x64\x41\x4c"
	"\x34\xad\x83\x6f\xc8\x8f\xbc\x3c\x5f\xde\x6e\x3d\x61\x77\xf9\x5d"
	"\x24\x8e\xc8\x38\x63\x45\xba\xf6\xb8\x22\xd2\x37\xb9\x3f\x34\x39"
	"\x97\xf9\x81\x56\x5a\x4f\x30\xf3\xb3\x46\x17\xb7\x7e\x8e\x54\xec"
	"\x62\xc0\x4d\x20\xe2\x02\x10\x68\x09\x8c\x4d\x71\xe2\x65\xe9\x01"
	"\xc5\x78\x10\xbe\xdc\x82\x71\x11\x47\x84\x40\xe3\x34\x25\x31\x72"
	"\xce\x92\x75\x10\x3d\x54\x99\x59\xa1\x98\x88\x66\x67\x3c\x83\x34"
	"\xc7\x2c\x02\x04\x35\xf4\x17\xce\x4c\xcf\xa9\x52\x89\x71\xe7\xa6"
	"\xd4\x2b\x4f\xb8\x6d\x50\x07\x1f\xb9\x88\x82\x19\x04\x8d\x72\x7e"
	"\x7c\xfe\xb8\x41\xc0\xec\xe1\x34\x08\x9f\x95\x4d\x45\x73\x85\xea"
	"\x84\x4c\xf3\x48\x09\xce\xa5\x3f\xaf\x7f\xdc\x46\xbb\x9f\xef\x97"
	"\x8f\xdf\x8e\xa3\xa7\x1f\x97\xcf\x9b\xce\xa7\xf4\xee\x2e\xa1\x70"
	"\x22\xe6\x24\x51\xe2\xf3\xd4\xe5\x88\xbe\x28\x27\xd3\xc1\x3d\x51"
	"\x4b\x82\xa8\xb7\xea\xb1\xbc\xa5\x62\x17\x05\x2d\xa2\x7a\x73\x16"
	"\x30\x5d\xee\xf0\x4b\x57\x3b\xac\x53\xae\x0c\x81\xab\x2f\x95\xef"
	"\x69\x40\xb3\x38\xaa\x58\xaf\x67\x62\x83\x8e\xdc\x90\x7a\x9a\x68"
	"\x2d\x65\x04\xe2\x8f\xfb\xb7\x4f\xbd\x9d\x60\x9b\x43\xbc\x0f\x66"
	"\x85\x7b\x96\xbe\x0f\xca\xad\xe1\xc7\xf5\x76\x7d\x80\xc8\xc6\xf8"
	"\x47\x49\x1a\x67\x31\x89\x03\xf5\x91\x1e\x43\x18\x78\xa1\x00\x1b"
	"\xd6\xe0\x40\x55\xdd\x0a\x85\x7c\xa5\xd4\x5a\x49\xb5\x2e\xb6\x14"
	"\x32\x39\xe1\xc9\xbd\x3a\xbf\x7c\xfc\x4b\xa7\x50\xad\x89\x9c\xca"
	"\x52\xc4\x22\x2c\x49\x19\x0f\x1d\x50\xb0\xd0\x92\xc5\xdc\x4d\x3d"
	"\x86\xec\x49\x82\xd5\x64\xed\xe4\x18\x11\x8b\x96\x06\xdf\x2d\x9d"
	"\xe9\x06\xd9\xe9\xac\x96\x13\x2c\xcf\xd5\x64\xb5\xa2\x18\x6d\xe5"
	"\x38\x1b\x8a\x14\xc8\xe7\xd8\x2d\xca\x31\x5b\x2c\x10\xfb\x70\x49"
	"\x5a\x0c\xef\xb4\xc4\xe4\xf0\x79\xab\xcc\xa4\x1b\xce\x97\xe1\x89"
	"\x1f\x1e\x2e\x2f\x97\x8f\xeb\xeb\xe5\xa6\x4c\x3c\xae\x58\x2a\x26"
	"\x0b\x07\xd9\xff\xd6\xd4\xa9\x91\xba\x36\x51\xfb\x06\x6e\x65\x6d"
	"\xde\xee\x5f\xae\x4f\x32\xc8\x77\x15\x3d\xfc\xe1\xfa\x26\xaa\x3b"
	"\xac\xdb\x72\x81\xc4\x8d\x16\xa4\x25\x72\x07\x23\x48\xab\x09\xfa"
	"\xd5\x04\xd1\x16\x16\x24\x45\x8b\xb7\x5b\xd5\xba\x9e\xbf\x3f\xff"
	"\xf6\xf8\xfc\x71\x79\x80\x65\x18\xad\x74\xb6\x54\x3c\x56\x97\xe4"
	"\xfb\xf7\xfb\x07\x91\xc9\xdb\xc3\xe5\x4b\x2d\x9f\xcc\xd1\xe6\x4d"
	"\xe6\x68\x1b\x96\xb3\x61\xc9\x9e\xac\x71\x13\xa9\x9d\xff\x7c\xbb"
	"\x7d\xbf\x7c\x3e\x2b\x05\xae\x57\x53\x2c\x57\x41\x9a\x69\x72\x2d"
	"\xb3\x7b\xfa\x29\x56\x9f\x87\xeb\xfb\x45\x90\x60\xa3\xaf\x91\xae"
	"\xf1\x62\xc8\xd8\xe8\x72\xfb\xf7\xf5\xe3\x4f\xc9\xe0\x9f\xff\xb9"
	"\x7c\xfc\xd7\x88\xbd\xbe\x5f\x1e\x25\x7b\x08\xc2\x93\xf9\x7a\x3a"
	"\xbc\x5e\x0a\x9e\x9f\xbe\xdf\x74\x65\x67\x3c\x70\xfe\x5a\xfe\x35"
	"\xec\x52\xd1\x7b\xff\xba\x8c\x2e\x6f\x97\x8f\xa7\x9f\x23\x39\x22"
	"\x60\xc4\x30\xd2\x2f\x8c\x2e\x31\xc7\xa9\x25\x6d\x66\xa0\xad\x0c"
	"\xb4\x35\x4a\x5b\xcd\x87\x5c\x4e\x2f\x9f\xd7\x17\x98\x4a\xbf\x20"
	"\x32\x0e\x5f\x63\x22\xe3\xf0\x09\xe6\xe0\xa2\x24\x4e\xc6\x9a\x75"
	"\xb0\x7c\x63\x1c\xfd\x06\xb3\xca\xdb\xa3\x18\x08\x6f\x17\x25\x72"
	"\x23\x0f\x31\x07\xb4\x82\x78\xde\x0e\x37\xc6\xfc\xfd\x72\xff\xe7"
	"\x8f\x77\x68\x83\x68\x98\x90\x99\xf7\xcb\xe5\xe1\x7b\x2f\x06\x45"
	"\xb9\x44\x14\xd2\x11\xa4\x66\x3c\x3e\x7e\x5c\x9f\x1f\xdb\x15\xc5"
	"\xe5\x3b\x65\x6b\xe6\x46\x5e\x0a\xaa\x62\x47\x2c\xa2\x4a\x0d\x08"
	"\xe2\x13\x28\xa3\xc4\xe9\x5d\xb1\x67\x41\xa0\xd5\xae\x64\x7d\xef"
	"\x46\xe0\xfc\x0d\x1e\x4b\xc4\x86\x77\x47\x5d\x7d\x48\x17\xc0\x10"
	"\x57\x2c\xa1\x71\x9e\x59\x50\xbb\x3c\xda\x5b\x20\xe2\x00\x63\x04"
	"\xf8\x71\x4a\xa8\x3c\xe7\xc0\x59\x00\x85\x49\x15\x3f\xe9\x0f\xa5"
	"\x88\xc4\x8e\x1b\x3c\x15\x89\xc3\x25\xe2\x72\xa0\xee\x82\x4d\x8c"
	"\xb9\x60\x15\x47\xdf\x42\x1c\x7b\x97\xce\x0c\x79\xd2\xc7\xcc\x53"
	"\xbd\x2d\x52\xc9\x2d\x2f\x20\xce\x09\x84\x90\xc5\x96\xfb\x10\xf8"
	"\x11\xec\x8b\x73\x10\x41\xbc\xb2\xfd\xe9\x1b\x52\x3b\x88\xd9\xe8"
	"\xeb\xb3\x39\xb1\x80\x4c\xc6\xe3\xf1\x40\xd9\x50\x83\xc0\x94\xc9"
	"\x30\x97\x1e\x7b\xbe\xc4\xee\x5f\xb6\x29\xbd\xc3\x14\x44\x4b\xdd"
	"\x43\xf9\x9e\x45\x88\xe8\xa0\xff\x2f\x65\xd9\x8c\x24\x7a\xcd\x92"
	"\x84\xcd\x34\xf3\xe8\xe1\xc7\xfd\xcb\xc3\xf5\xf5\x75\xe4\x8a\xd5"
	"\x41\x4c\xe9\x23\x12\x78\xa3\x13\x58\x7d\xbe\x5e\x1f\x7f\xbc\x5c"
	"\xda\x21\x77\x20\xae\x60\xbf\x57\x00\xb1\xa3\x43\xdb\x49\xad\x14"
	"\x59\xe9\x3f\x7e\x79\xbc\xfc\x71\xff\xe3\xe5\xd6\x79\x4c\xdc\xc6"
	"\x81\xe7\x33\x44\x67\x8b\xec\x52\xb1\xad\x6b\xdc\x59\x71\xbc\x96"
	"\x37\x31\x6d\xbc\x5d\xc5\xda\xfc\x7c\xf9\x1c\x3d\xbf\x3d\xfc\x7d"
	"\x04\xf6\x2f\x9f\xa0\xe6\xf1\xc7\xf3\x43\xe5\x26\x66\xb8\x01\x85"
	"\x03\x1d\x3d\x8b\x13\x5a\x79\x40\xee\x56\x3f\x2e\x0f\xb1\x45\xd7"
	"\x23\xa7\xd4\xc6\x48\xc5\x39\xa1\x1b\x42\x2e\xe9\x3b\x31\x4c\x9a"
	"\xc3\x12\x5c\x76\xe8\x2f\x2a\xba\xa0\xc8\x4b\x00\xd8\x7b\xfe\x4e"
	"\xe0\xe4\x47\x11\xed\x6e\x05\x7c\xa4\xd9\x0e\xfc\x53\x68\xd0\xa5"
	"\x96\x76\x67\x4c\x31\xd0\x20\x62\xd2\xcd\x21\x1c\x48\x61\x26\xd0"
	"\x85\xb8\x14\xb9\xf5\xbc\x02\x28\xb9\x77\xd3\xd1\xf3\x1d\xd0\x4e"
	"\x1e\x2b\xf2\x88\xf9\x8c\xd6\x01\xea\x7a\x9f\x8a\x8a\xeb\xae\x1e"
	"\xa5\x65\x84\x5a\x05\xb0\xcb\xd0\x37\x52\xda\x59\x00\xad\xed\x12"
	"\xf8\xb8\x08\x77\x0c\xe4\xee\x7c\xa7\x4d\x67\x21\xe8\x01\x47\xe2"
	"\xd8\x9b\xaa\xc6\x88\x93\x89\xab\x53\x97\xe0\x94\x86\xa5\x5b\x20"
	"\x25\x43\xc1\x52\x2f\xef\xdb\x34\x96\x66\x90\x60\xd6\x04\x6d\xc9"
	"\x33\x16\x20\x5c\xae\x3f\x16\x2b\xe7\x4a\xec\xf0\xf4\x39\x4b\xe3"
	"\x40\x21\xa5\x29\x5c\x52\x7a\x20\x80\x5b\xfe\x8f\xc6\x98\x50\xcc"
	"\x7c\x30\x57\x04\x71\xbc\xcf\xbb\x8e\x7c\xdd\x23\x95\xd3\x63\x92"
	"\xd2\xc4\xed\x56\xba\x9d\x3a\x9b\x93\x5a\x19\x0c\x8c\xbc\x5c\x1f"
	"\xfe\x2c\x23\x35\xc3\x5e\xac\x3b\x85\x74\xa6\x5b\x10\x1c\x17\x62"
	"\x3d\xeb\x47\xac\x40\xec\xb8\xb7\xb7\x4d\xda\x9c\xcd\xa7\xf3\xc9"
	"\x17\x50\x93\xd9\x17\x40\x88\xbf\xfa\x0e\x88\x78\x84\x2e\x91\xc3"
	"\x83\x02\x5b\x23\x4f\x9f\x5d\x18\x87\xa8\x75\x05\x12\xc4\x0d\x10"
	"\x87\x38\x65\xba\xc0\x85\xdd\x75\x0b\x2e\xb1\xba\x52\xd3\xa1\x45"
	"\xe7\xc4\x56\x07\x4c\x51\xb0\x0b\x39\xbb\x56\x08\x23\xc8\x3e\xbf"
	"\xdb\xe5\x64\x8e\xdd\xb6\x86\x1e\xe7\x62\x7e\x0e\x74\xe2\x25\x11"
	"\xbd\xad\x58\x72\x28\xb6\x84\x14\xab\xf1\x0a\xd9\x2e\x0b\x40\x18"
	"\x9a\x10\xac\xca\x62\x36\x9e\xac\x8d\x80\xd5\x78\x71\x46\x01\x81"
	"\x0d\x50\xe6\x80\xe8\x60\xc0\x24\x21\x01\x0b\x44\x0f\xb5\x01\x60"
	"\xef\xb9\x2d\xc0\x90\x43\x60\x04\x78\x65\x0e\xeb\xc5\x64\x8e\x02"
	"\x02\x23\x40\x14\x51\xf2\x7a\x6d\x6d\x86\x81\x11\x55\x16\x36\x56"
	"\xad\xd7\x56\xc0\xc2\x56\xc6\xda\xcc\x4c\x63\x6f\x24\xb9\x05\x21"
	"\xcb\x50\x00\xcd\x6a\x1d\x8a\x25\x03\xfc\xb4\xc2\x5c\xcb\x3a\x26"
	"\x53\xf0\x21\x08\xba\x1b\x27\x95\x59\xbb\x52\x27\x75\x5a\x87\xf4"
	"\x48\xd6\xa5\xa1\xf4\x8d\xf9\x1b\x0a\x62\x0a\x2f\x43\x04\x23\x19"
	"\x13\x37\xd4\x50\x48\x79\x23\x98\xe4\x45\xdc\xb7\xa0\xe8\x11\x90"
	"\xa6\xcb\x10\xda\x62\x6f\x84\x56\x58\x2e\xff\xb6\x4a\x03\x8b\xd2"
	"\x24\xdc\x29\xfc\x31\xf0\x41\x66\xe9\x85\x7c\x97\xb2\x3d\x1e\xdc"
	"\xbb\x6a\xb0\x15\xd7\x54\xd2\x8c\xac\x86\xd4\x81\xf0\xd9\x18\x1f"
	"\x54\x75\x66\x06\x58\xcb\x59\x53\x5e\x8d\x88\x2c\xb0\xbb\x9d\x2e"
	"\x97\x8c\xa0\x56\x2a\x8c\xb0\xb6\xb3\x8c\xb0\x5a\x8e\xcc\x79\xd5"
	"\x52\x61\x44\xf1\x2f\x97\xe6\x85\xa1\xbb\x4d\x18\xb5\x16\x68\x05"
	"\x6e\xbf\x84\x6a\x58\x66\x45\x56\xe3\xd5\x5e\xee\x17\x71\x1d\x69"
	"\x34\x20\x4b\xc4\x39\x49\x5d\x96\x22\x90\x36\x23\x23\xac\x95\x46"
	"\x0b\xb0\xe2\x5d\x96\xb2\x68\x8f\x9c\xd7\x9b\x66\x5a\x40\x35\x77"
	"\x2d\xb0\xaa\x4f\x6d\xa8\xaa\x9d\x26\x98\x18\x68\x05\x09\xa3\x02"
	"\xbc\xd9\x26\x88\xb2\x70\xd5\x3e\x37\x8b\x71\x40\x29\x8d\x46\x48"
	"\xdd\x36\x23\xa8\x6a\x99\x11\x53\x0a\x96\x39\x9b\xaa\xe9\x06\x50"
	"\x35\x6b\xcd\x9c\xf5\xc9\xda\xfd\xd6\x1d\xa3\xe2\x34\xa2\x3e\x4b"
	"\x9c\x78\xc2\xa2\xfe\x23\x55\x9b\x56\x6f\xf3\xaa\x47\x1f\x38\x43"
	"\xf0\xeb\x8f\x0f\xdd\x71\x5b\x5a\x1c\x94\x7a\x13\xbd\x14\x71\x4e"
	"\xdb\x74\x4e\x28\x6e\x1a\x96\x4e\xdb\x95\x88\xf1\xfd\xf4\x82\x1e"
	"\x33\x08\xd2\xd3\x0d\x65\xa0\x20\xe2\x38\x28\x4e\x71\xba\x77\xd3"
	"\x2a\x7a\x7d\x57\xd5\x22\x4d\xdd\x4c\x1c\xac\xdc\xf1\x78\x35\x5f"
	"\xcd\xbb\x8e\xec\x39\x0b\xc0\x53\x5a\x03\x99\x2c\x26\x63\xf9\xaf"
	"\x57\xd0\x62\xd6\x00\x44\x06\x6b\xa7\xe7\x3f\x53\xa9\xc8\x91\x64"
	"\x95\xba\xbe\x7e\xdf\x9b\x56\x41\xe3\xc5\x5e\x63\x85\xe8\x5c\x95"
	"\x61\xa1\x13\x86\x0c\x93\xba\x24\x12\x5a\x00\x61\x96\x3b\x66\x44"
	"\x16\xea\x9f\xae\x68\x53\xc9\x4c\x6b\x5d\xea\xb2\x60\x13\x9f\x55"
	"\x2e\x84\xbb\x1c\x51\x49\x29\x2f\x75\x0c\x80\xa9\x33\x2e\x42\x91"
	"\xa5\x9e\x1f\x95\xbe\x0d\x46\xaf\xaa\x83\x79\xf8\x92\xa7\x17\x37"
	"\x21\x70\x75\x40\x86\xca\x22\xc7\x50\x35\x54\x6f\x00\x1b\x12\x16"
	"\x7e\x40\xcf\x50\x75\xa5\xf0\x3a\x8b\x8c\xc9\xfd\x8e\xa4\xf7\x37"
	"\x3d\xbd\x5d\x22\x13\x03\x2f\xaf\x6e\x46\x7a\x49\xed\x6b\xbb\x1c"
	"\x54\x5b\x78\x9c\x78\x7e\x18\x49\xe2\x28\xb9\x7f\xba\x48\xab\x95"
	"\xa1\x8f\xdf\xf2\x6b\x50\x1c\xd8\x66\xe0\x41\x56\xcd\xb7\xa5\x14"
	"\x41\xe2\xd2\xfe\x55\xb6\x06\x50\x70\x1a\xf8\xa8\x45\xf7\xe0\x13"
	"\xd1\xdd\xc7\x25\xd7\x5e\x9b\x2b\x48\xdf\xed\x3b\x18\xd3\x02\xfe"
	"\x8f\xa5\xcb\x4f\xc4\x4c\x72\xa4\x45\x16\x6c\x0c\xb5\x38\x76\xae"
	"\x8a\x62\xbf\x4c\x56\x39\x55\x6a\x10\x75\xc4\x98\x97\xa0\x9e\x68"
	"\x43\x5a\x71\x9c\xa2\x43\x5a\xd2\xbf\xd0\x08\x51\x5d\xa9\xb9\x83"
	"\xab\x26\x35\xb9\x41\x4e\xd2\xa5\x54\xde\xd7\x2e\xec\x0a\x6f\xe0"
	"\x7e\xbb\x13\xe2\x9f\x24\xea\xd3\x7a\xd9\x32\xb3\xfe\x53\x29\x63"
	"\xc3\x77\xa7\xd7\xeb\xed\xf2\xfe\x71\x7d\xd0\x2a\xed\x51\x08\x77"
	"\x02\x06\x1b\xc3\x0f\xdf\x5f\x3f\x9f\x86\x0b\x81\x18\x1d\xbc\xa3"
	"\xee\x21\xff\x94\x8a\x24\x6a\x5a\x39\x1a\xa5\x6b\xba\xc8\xcd\xd8"
	"\xb1\x27\xb3\x03\x48\x9a\xe8\x96\xaf\x01\x8c\x87\x5d\x57\x29\x43"
	"\x72\xd2\xb3\xad\x19\x92\x99\xb1\x12\x9b\x2d\xe6\xd9\xb3\x03\xe5"
	"\xa1\x67\x80\x94\xfa\x3d\xe8\x0e\x52\x80\xd4\x0c\xca\xd7\x34\xd1"
	"\x01\xbf\xf2\x9f\x9f\xb7\xcb\xeb\x28\x7e\x1b\x91\xef\xcf\xef\x7f"
	"\x6b\xef\xc0\x3d\x45\x07\xe0\x15\x6e\xcb\x1f\xc4\x5a\x4d\x54\xf5"
	"\x80\xcd\xc7\xf5\xfe\xf1\xe1\xfa\xaa\xd0\xda\x95\x02\xa2\x8f\xa7"
	"\x24\x14\xa2\x38\xb4\xa8\xfb\x7b\x78\xd6\xe5\xd9\xdc\xd4\x23\x79"
	"\x96\xb7\x49\x62\x89\x89\x7d\x5f\xb0\x91\x62\xc2\x2d\x36\x32\xbc"
	"\x14\x7f\xe5\xb2\x3e\xcd\xa3\xe2\x90\xd3\x9c\xc2\x7b\x55\xc6\x87"
	"\x53\x3a\xdf\x30\xfc\x16\x2b\x2b\x82\xd8\xf5\xba\x9b\x8d\xc6\x26"
	"\x4b\x49\x2a\x0f\xac\x35\x45\xd1\xa1\xac\x0f\x98\x03\x63\x2e\x05"
	"\x27\x8f\x44\x36\x50\x7d\x3e\xb0\xe0\xe4\xde\xd0\x9a\x57\xbd\xf3"
	"\xb7\x00\x81\x5a\xb8\x21\x62\xb0\xda\x42\xc0\x3f\x89\x82\xea\x62"
	"\x0e\x21\x2b\x76\x34\x48\x7a\xc6\xa7\x0d\x45\x5e\xf1\x6b\xd2\x3d"
	"\x9f\x68\x52\x65\x94\x38\xb1\x49\x0d\x02\x37\xe9\x3d\xc6\x94\x9c"
	"\xec\xbf\xf6\xc2\xf0\x70\x91\x87\xae\x7a\xe0\xa9\xd3\x44\xff\xc4"
	"\x6a\xa0\x05\x8e\x4a\xee\xe5\xdc\x8f\xe8\x51\xa7\x89\x5f\x12\x54"
	"\x9a\xab\xf7\x66\x79\xcb\x2f\x6d\xc9\x87\x27\x45\x31\x9d\xa7\x45"
	"\x1e\x21\xce\x25\x65\x2e\x27\x37\x23\x3b\x2f\xde\xf6\xcc\xd1\x25"
	"\xa5\x7c\x0e\x3e\x01\x6d\xc3\x32\x08\xf7\x50\x9a\x3c\x0e\x2a\x2a"
	"\x21\x2c\x61\x05\x8d\x54\xd7\xf3\x2a\xbb\xe5\xf8\x1a\xf6\xc3\xff"
	"\x92\x76\x6d\xcd\x6d\xe3\xc8\xfa\xaf\xb8\xf2\xb4\x5b\xb5\x99\xe8"
	"\x7e\x79\xf0\x03\x44\x42\x22\x23\xde\x4c\x80\x92\x3c\x2f\x2c\x4f"
	"\xa2\x49\x5c\x13\xdb\x39\xbe\x9c\xcd\xec\xaf\x3f\xdd\x00\x29\x11"
	"\x20\x1a\xf2\xa9\xad\x9a\x49\x22\x74\x13\x77\x34\x1a\x40\xf7\xd7"
	"\xc5\xa8\xff\x04\x22\x28\x10\x3a\x5d\x66\x90\x21\x5a\xad\x2c\x5d"
	"\xaf\x23\xea\xa9\xad\x58\x09\x53\x7d\x6a\x4c\xcf\xd0\x66\x10\x1d"
	"\xa2\xdd\xc4\x2c\x97\xf8\xe6\x64\x53\xab\x55\xf3\x54\x5f\xc2\x1e"
	"\xca\xba\xb6\x8c\x48\x2e\xe2\xc4\xe2\xbf\x15\x78\x2a\xba\x51\x01"
	"\xeb\xd3\xb4\xc7\x5d\x0b\x51\xba\xe0\xfe\x5b\x72\x0a\x6d\xbb\x09"
	"\x45\x31\xdb\x4d\x9d\xaf\x49\xb2\x2a\x54\x16\xaa\xb6\x4a\xb1\xce"
	"\x2b\xd9\x69\x2e\xd2\x9a\x3a\x18\x2c\xd7\xf8\xf4\x30\x30\xb8\x54"
	"\xcb\x7c\x5c\x27\x37\xd7\x5e\x81\x66\xb3\xf0\xb9\xbd\x2f\x3e\x4f"
	"\x14\xa9\x5f\xcd\xca\x2d\x05\xdf\x83\x07\xe8\xbc\xe4\x35\xe2\x6a"
	"\xc0\xec\x95\x3c\xf0\x58\x71\x87\x4e\x77\xd7\x96\xe4\x58\x0e\x9b"
	"\x84\x85\xb1\xf2\x83\xbf\x94\xbf\xc9\xcd\xcb\x82\x38\x3a\x1f\xd4"
	"\xe3\x2f\xa5\xe8\x6b\xf4\x12\xe8\xac\xdb\x5a\xc0\x99\x9f\x70\xa3"
	"\xd6\x13\x9d\x07\x15\xb4\x5b\x43\x1b\x75\x74\x49\x9c\xe1\x86\x0a"
	"\xa6\xa6\x3c\xf9\x66\xaa\xa8\x37\xa9\xa1\x5f\xa8\x34\xec\x79\xdb"
	"\xa0\xc3\x78\x6b\xac\xc2\xde\xe2\x4b\xe3\x2c\xf6\xa9\x89\xa8\x46"
	"\x8a\x80\x99\xf8\x52\x27\xca\x59\x1f\x89\x2c\x2a\xae\x06\xf4\xc9"
	"\x0a\x57\x16\x81\xb3\x32\xb9\xad\x4b\xa0\xe5\xd6\x72\x41\x8d\x4a"
	"\x3d\x83\xda\xcb\xb9\x30\x62\xe7\x9d\xce\x4d\xc6\x91\x08\x53\x9b"
	"\x95\x5b\x74\x99\x05\xe7\x38\x74\x75\x5c\xde\xb8\x53\x1b\xa8\x5f"
	"\xfb\x51\xdf\x8c\x87\xd8\x51\xdc\x8a\xad\xb4\xa7\xdc\x67\xc9\x36"
	"\xbb\x05\xb9\xcb\xe1\xe3\x97\x5d\x88\x5a\x04\xb0\xee\xdd\x0a\x85"
	"\x48\x83\x38\xdb\xe5\x5b\xeb\x03\x85\x61\xd7\x07\x64\x50\xbb\xd9"
	"\x4e\x25\x13\x57\xeb\x45\x6f\xf7\x03\xdd\x90\x04\xb1\x53\x27\xd0"
	"\x95\x44\x7b\x16\xf3\x5d\x0e\xe5\x30\x2e\x5c\x4e\xba\x55\xac\x05"
	"\x9b\x4c\x16\x03\xf4\xc8\xb3\x4b\x44\xc3\x21\x2d\x35\x5c\x45\xf2"
	"\xc6\x64\x5e\x49\xd2\x46\x44\xdb\x39\x44\x44\xf0\x26\xd5\xfe\x4d"
	"\x42\x5a\x09\x04\x32\x31\x54\xf1\x36\xf1\xd2\x21\x27\xda\x88\xa4"
	"\x96\x01\xca\xce\x78\x93\xb1\x84\xea\x5c\x50\x72\xf2\x32\x45\xa8"
	"\x71\x5b\x2f\x89\x38\x6f\xb6\x4a\xd5\x42\xb4\x84\x06\x61\x64\x44"
	"\x08\x3d\xef\x8b\xb5\x48\x38\x2f\x5c\xdb\xa6\x9a\x28\x65\x5f\x6f"
	"\x08\x0e\x30\x89\x39\x23\x77\x7c\x7c\x70\x0a\xc3\x12\xca\x16\xa2"
	"\x35\xa1\x76\xd0\xd5\xb0\xaa\xd5\xda\xd7\x87\x19\x16\x0d\x24\xf4"
	"\x6f\xda\x41\xed\xc9\x01\xd0\x2e\x3b\x04\xa8\xbd\x62\x20\x0f\x3c"
	"\x9a\x5a\x0a\x7a\x74\xdb\x8d\x74\xb5\x21\x45\x6b\x8e\x1e\xfe\xeb"
	"\xdc\x14\x08\x8d\x95\x94\x1d\xee\xb1\x43\x92\xbf\x5b\x7d\x12\xdd"
	"\x6a\xf3\x8d\xde\xac\xe1\x68\xff\x7f\xc2\xbe\xdb\x51\x40\x55\x8d"
	"\xba\x42\xc5\x85\x12\x55\x76\x80\x09\x5e\x12\x90\x9e\x2a\x74\xba"
	"\xeb\x00\xa2\xa3\x7d\x36\x77\xb0\x66\x4c\x5f\x4d\xd2\x55\xaa\xe3"
	"\x75\x96\xdb\xa4\x35\x67\x88\x4b\x7f\x0a\xf2\xb9\x36\xce\xfb\x42"
	"\x28\x6c\x04\x5e\xb2\x00\x4f\xce\x64\xd9\xcd\xd7\x6b\x84\xef\xb6"
	"\x4b\x68\x04\xef\x16\x2d\x59\x8c\x5e\x33\x2b\x00\x7b\x31\x8b\x93"
	"\x88\x3b\x2d\x67\x4c\xd6\x1c\xd6\xca\x67\x58\x2b\x54\x5b\x1a\xb2"
	"\x39\xe4\x26\x8b\x76\xd4\x4a\xe3\x60\xdf\x8d\x3f\x9a\x97\x8c\xd7"
	"\x2a\xb4\x01\x3a\x2d\xc0\xe9\xc3\x51\xdf\xb0\x74\x4b\x05\x33\xff"
	"\xcd\x36\xc6\x73\xe6\xba\xe4\xb0\x87\x60\x08\x50\x58\x60\x8e\x76"
	"\x15\xa8\xa1\xef\x90\xab\xbd\xa8\x6b\x7e\x5e\x6d\x9e\xe0\x78\xfb"
	"\xf8\xd4\xbd\xf1\x68\x48\xf5\x26\xdf\x35\x40\x8d\xa0\x8f\x85\x1c"
	"\xd7\x66\xc7\xab\xb0\xc3\xe4\x14\x3e\x06\x03\x9e\x8b\x04\xdb\x11"
	"\x64\xc4\x15\x12\x05\x23\xbf\x66\x42\xc4\xd4\xb7\x4d\xe3\x6d\xb5"
	"\x20\x46\x88\xc8\xbd\xb1\xe0\xd4\x0d\x2f\x4f\x13\x26\xeb\xd4\x16"
	"\x7e\x01\x46\x63\xdc\xf7\x92\xeb\x74\x92\xda\xe9\xdd\xc2\x75\x59"
	"\xfb\x8b\x2c\x01\x0b\x22\x7e\xe2\xea\xbc\x8a\x75\x3a\xba\x08\xd5"
	"\xba\x77\xb9\x8f\x76\xd8\x74\x03\xec\x41\x0c\xed\x4b\xab\x5e\x0d"
	"\x58\x08\xb2\xc3\x94\x34\x3d\x9e\x4d\x51\x41\x5b\x9c\x2d\x69\xa6"
	"\x81\x01\xc2\xaa\xd5\xdf\x86\x01\xfe\x5e\xed\x5d\x6d\xc3\x76\x5d"
	"\x68\x13\xee\x2c\x89\x61\x42\x77\x9e\xae\x5a\xdd\x70\x41\xf2\x1c"
	"\x64\x70\xf6\x61\xe2\xbf\x5e\xbf\x3c\x3d\xb6\xb1\x2c\x1d\x00\x97"
	"\x9a\x1d\xba\x21\xa8\xc9\x98\x37\x0d\x0f\x89\xd4\xd4\xd0\x31\xfe"
	"\xe7\x98\xf0\x6f\x69\x58\x1a\x2f\x55\xd0\x22\xd2\x58\x04\x3e\xce"
	"\x52\x2e\x96\xf3\x31\xf3\xb1\x88\x74\x3a\x1d\x8c\xc8\x2e\x38\xc5"
	"\x66\x30\x34\x15\x75\x58\x77\xe9\xed\x26\x1f\xfc\xf4\x81\x9c\x22"
	"\xb9\xc5\xc3\x25\x19\x1a\xf4\x27\x92\x2e\xf6\xbe\xad\xaa\xe1\x70"
	"\x64\x72\xd1\xfd\xe7\x90\x8c\x27\x53\xd4\xf2\x08\xef\x00\x4d\xa7"
	"\x8c\xa1\x57\x29\x1b\x12\x7e\x38\x40\x1a\x8d\x28\x52\x80\xd7\x61"
	"\x2a\x74\x9c\xfb\xa5\x9b\x51\x90\xfa\x21\x1b\x13\xb0\x09\x21\x1c"
	"\x54\x43\xc2\xe2\x4f\xd3\x96\x34\x8d\xb0\xdb\xee\x78\xa5\xab\xca"
	"\xd6\x44\xbc\x02\xd5\xff\xb2\xe5\x61\x87\xd8\x3d\xd0\xdb\x83\x08"
	"\x97\x04\x25\xf8\xbc\x1d\x0e\x86\xee\xb7\x85\x34\x18\x8f\xc6\x14"
	"\xf0\x27\x9b\x4f\xa6\xf4\x00\xb6\x74\x1a\x1a\x95\xcd\x49\x33\xa9"
	"\x94\x2d\x26\x84\xaf\x11\xd0\x96\xd3\xe9\xd0\x43\x23\x9a\x72\x08"
	"\x26\x03\xca\x42\xe6\x10\xcc\x46\x84\x4c\x80\x83\xeb\x78\x40\xb8"
	"\xb0\x08\xb9\x5d\x8c\x87\x23\x92\xb6\x62\xd3\xff\xca\x09\x6d\x34"
	"\x23\xdd\xc9\x46\xcb\x21\x4d\xa2\xdc\x80\xe6\x93\x39\xed\xd5\x46"
	"\x97\x35\xa7\xcb\x9a\x2f\xc7\xa4\x2f\xdc\x62\x4e\x91\x96\x23\xf2"
	"\xab\x25\x81\xd5\x18\x28\xdf\x88\x21\x6e\x01\x6e\x69\x9b\xed\x78"
	"\x92\x17\xbc\xb9\xac\x21\x80\x2b\xa3\x78\x31\x21\xe0\x3f\xa2\xc3"
	"\x9c\x58\xdf\x71\xc6\x46\x87\x03\x59\x72\x22\x83\xd1\x64\x3e\xa4"
	"\x69\x14\x08\x27\xd2\x88\x18\x27\xb0\x49\x0d\x29\xd4\x23\xa4\x0d"
	"\xa9\x40\x67\x9a\xb8\x20\x69\x63\x02\x86\x0a\x68\xcb\x19\xd1\xfe"
	"\x34\x28\xc6\x23\x02\x6b\x0c\x69\x13\x02\x69\x2b\x63\xd5\x7c\xe1"
	"\xdc\xfa\xd4\x06\xbb\xc3\xdd\xfc\x74\xac\xb2\x21\x22\x60\xf3\x8d"
	"\xa9\x1e\x3f\xb3\xec\x2c\x96\x1e\x03\xd0\xa7\xbd\xdc\xa5\x37\xe3"
	"\xb2\xa4\xc8\x52\xe5\x37\x58\x0c\xfd\x64\xc2\xcc\xb9\x25\x4f\xc4"
	"\x80\x40\xb5\xd5\x1c\xc3\xd1\x70\xbc\xf0\xd1\x07\x0b\x31\x1c\x8c"
	"\xbc\x39\x2c\xc4\x60\xea\xe5\x98\x0d\xc5\x8c\x08\x2e\xa7\x38\xa0"
	"\x04\xc2\x9a\x57\x93\xe7\x4b\xc2\xd0\x4e\x93\x17\xb3\x05\xd9\x04"
	"\x99\x04\x93\xe9\xc4\xdd\x03\xbb\xf5\x6c\x38\xb0\x57\x5a\xf3\x88"
	"\xf8\xf3\xc7\xfd\x9f\xf7\x3d\x19\xb9\x18\xcf\x1c\x2e\xaf\xdf\x8f"
	"\x0f\x2a\xbc\x96\x70\x78\x86\xca\x84\x89\xba\x88\x9a\xed\x95\x10"
	"\x36\x62\x41\x09\x03\x76\x43\x1e\xcc\x77\xbf\x2f\x4c\xe9\xa5\xa1"
	"\x68\xee\xbf\xb6\x50\x34\xe8\x28\xad\x5d\x20\x0c\x70\x84\xf3\x5e"
	"\xaf\x35\xb6\x34\x75\x00\x88\x0a\x51\xb4\xd9\xf4\xb3\x50\x6a\x80"
	"\x28\x9a\x6c\xa2\xaa\xff\x5a\x1a\x3c\xbd\x3d\xbe\x76\x5e\x49\x5b"
	"\x2f\x5a\xd8\x86\xee\xf4\x86\x44\xed\x42\xd3\xc1\x8c\x72\x39\x9d"
	"\x8e\x67\x03\x92\x44\x7a\x49\x4f\x27\xa3\x21\x49\x9a\xcc\x68\x12"
	"\xe5\xc1\x3a\x9d\x2e\x47\x25\x4d\x1b\xd3\xb4\x01\xd9\xb2\xd9\x68"
	"\x52\x92\xba\x0b\x8a\xee\x19\xe9\xb5\x3c\x9d\x2d\xc8\x46\xcc\x09"
	"\x2d\x03\x49\xb3\x21\x4d\x22\xeb\xe9\xd9\x9b\xc7\xa4\xf7\xfc\x62"
	"\x41\xb8\xdd\x87\x45\x2e\x11\x3c\xda\x2d\xeb\x67\xa3\x31\xd1\x68"
	"\xd8\x3e\xa6\x43\x72\xbb\x9a\x2e\x46\xe4\xce\x32\x99\x13\x4e\x30"
	"\x48\x5b\x12\x3b\x8b\x16\x13\x56\x3d\x4f\x50\x04\x5f\xdf\x1e\x1e"
	"\xfe\x6e\x5e\xfe\xdb\xe9\xbe\x7e\x3e\xfe\xcf\xdb\xf1\xf1\xcb\xdf"
	"\x27\x2f\xf4\xff\xa0\x87\x71\x18\x8a\x4f\x45\x92\xb4\x5c\xda\xa6"
	"\x50\x19\x41\xdd\xbd\x3e\x3d\x7f\x0a\xef\x5f\x5e\x9f\xef\xff\x78"
	"\x43\xaf\x7b\xcb\x69\xdd\x02\x86\xd4\x50\x1c\xdf\xef\x5e\x8e\x1f"
	"\x13\xc8\xe3\xf8\xf5\x2a\x79\x7a\xfa\x79\xf5\x0f\xc8\xfc\x9f\x57"
	"\x7f\x9e\x0a\x7f\xe9\x14\x6e\x66\xb8\x06\xbd\x64\xf0\x5f\xf9\xba"
	"\x93\xeb\x0d\xa9\x14\x9c\x63\x4b\x9d\xf9\x90\x14\xc8\x45\x7e\x28"
	"\xc5\x64\x4a\x9d\xb4\x36\xc3\xd9\xc5\xb3\xcd\xe6\xb6\xcc\xa9\xa3"
	"\x4d\x5a\x54\xe3\xc1\x74\x40\x1e\x30\x9a\xa3\x8f\xce\x82\x3c\xf9"
	"\xc4\x72\x33\xb6\x3c\xd0\xb5\x54\x3e\xde\xfd\x78\xfd\xde\xd9\x20"
	"\xda\xd4\xe7\xd7\xab\xf2\xee\xf5\x78\x95\x3e\x3d\xde\xbf\xda\x3d"
	"\xbd\xe6\x93\x09\xb5\xaa\x14\x6d\x42\xad\x81\xf1\xc0\xa3\xb2\x21"
	"\xb1\x0f\xfa\x17\xbd\x3d\xdc\x7f\xbd\x7f\xfd\xdb\x39\xe6\xe9\x68"
	"\x4c\x6c\xd0\x61\x24\x89\xbd\x2b\x42\xe5\x81\x50\xe4\x3a\x83\x12"
	"\x55\x18\x56\x88\x00\x7a\x8e\xa4\x18\x11\xab\x39\x92\x15\x41\x11"
	"\xf1\x9c\x3a\x7a\x21\x69\xd4\x1f\x9e\x18\x96\xe0\x2b\xe2\xa6\x3f"
	"\x1c\xef\x5e\xde\x9e\x8f\x0f\x08\xf0\xf2\x06\x23\xe2\x98\xf9\x93"
	"\x81\x6f\x6e\x4f\xc8\x5b\x82\x18\x26\x28\x39\xbb\x1a\x32\xb5\x03"
	"\x6c\xd3\xc3\x8c\x3a\x2d\xec\x70\xea\xce\xbc\x53\xb7\xc3\x43\x95"
	"\xd0\xf0\xa8\x69\x7e\x21\x1f\xbd\x14\xa8\x7c\xf4\x32\x49\x44\x3a"
	"\x0b\xc5\xc1\x7b\x89\x20\xd2\xf1\x78\x90\x44\xd1\xfb\xa1\x2e\x58"
	"\xf8\x19\xa6\x0d\x75\x31\xc2\x12\xd8\x2f\x08\xa8\x59\x56\x84\x62"
	"\x49\x05\x25\x51\x44\xca\x59\x6c\x15\x0d\x29\xec\x07\x24\x11\xc3"
	"\x1d\xa4\xe3\xd1\x90\xc0\x2b\x45\x1a\xe5\x9b\x08\x5d\x42\x1c\x56"
	"\x81\x34\xa3\xdc\x72\x80\x34\x23\xee\x28\x36\xc5\x88\x15\x30\xe5"
	"\xd9\x60\xe0\x46\x3f\xd3\xab\x10\x03\x13\x24\xa3\xe5\x80\x38\xcb"
	"\x99\x4c\x44\x94\x10\x45\x1c\x12\xfb\x6b\xf7\x86\x29\x11\x97\x58"
	"\xd0\xbf\xd9\xc9\xf3\x59\x30\x38\xb0\x10\x38\x97\x45\x39\x20\x23"
	"\x78\xc8\x92\x0a\xbe\x01\x02\x11\x24\x29\x31\x35\xf2\x42\xc2\xac"
	"\x71\x7f\x58\x40\x55\x46\x03\x92\x2c\xe2\xe1\x70\x32\xa5\x2e\x6b"
	"\xc6\x63\xe2\x2a\x4e\x06\x62\x3c\x21\x9c\x83\x15\x8d\x40\xac\x6e"
	"\x87\x08\xe1\x60\x28\xf4\x67\x45\x5b\x90\xb4\xc9\x74\x4c\x05\x94"
	"\x9b\x0e\x17\x23\xf7\xbe\xb9\x0b\xb2\x84\xec\xbe\x1d\x4f\x93\xd9"
	"\x80\xf0\x62\xde\x25\xb3\xa1\x03\x8a\x28\xbd\xfb\xf6\x78\x7c\xd5"
	"\x77\xb8\x4e\x21\xb0\x25\xbd\x32\x15\x89\xd0\x78\xb7\x83\xe5\x92"
	"\x10\x1c\xcd\x35\x6d\xca\x36\x99\x47\x40\x9f\x79\xc8\x3b\x46\xb6"
	"\x19\x0f\x2f\xdf\xb0\x62\x1e\x5c\xe6\x29\x47\xb8\x82\x31\x19\xe5"
	"\x69\x3c\xb5\x30\xa5\x6c\x01\xaa\xea\x42\xab\x22\xed\x84\x88\xd2"
	"\x60\xba\x98\x8c\xc9\x96\xd9\x7c\x56\xeb\xf4\x98\xbc\xfd\x78\xbd"
	"\xff\xf9\xe3\xf8\xcb\x52\x24\xb1\x26\xd6\x0b\x7a\xb3\x9f\x7e\xf9"
	"\x71\xff\x48\x8f\x61\xf7\x0c\x9a\x05\x49\x9c\xf9\x7b\xa3\xc3\xde"
	"\x3c\x1a\x97\xb9\x64\x68\x95\x40\xaa\xb0\x3f\x9f\x5e\x61\x0f\xbf"
	"\x77\x3c\x05\x84\x62\xb8\x18\x90\xd7\x52\xd3\xc9\x62\xe8\xa1\xcd"
	"\xc9\xc3\xc3\x70\x4c\x1f\x3a\xa8\x75\x25\x8b\xc4\xa9\x8a\xd9\x8d"
	"\x78\x79\xbd\x33\x35\x91\x24\x2d\x96\xc3\x81\x43\xcf\x2c\x9e\x8f"
	"\x2f\xa8\xc0\x38\x17\xce\xaa\x18\xcc\x06\xe9\x86\x98\xdf\x05\xf5"
	"\x14\x61\xc8\x65\xca\xd3\x27\x2a\xa8\x3e\x2d\x92\xe1\xd0\x73\x6f"
	"\xaf\xc9\xe4\x92\x2a\x12\x58\x52\x94\xa3\xe9\x94\xbc\x43\x04\xd2"
	"\x78\xee\x5b\x3c\x74\x4b\xe4\x94\xd2\xb9\xa3\x62\x34\x98\xb9\x9b"
	"\xf1\x7b\xc1\x60\x4f\x9f\xb9\x55\x99\x47\xc4\xdd\x72\x0d\x88\x18"
	"\x2f\xcd\xeb\xe1\x16\x62\xf1\xd7\xfd\x03\x6a\xe2\x08\x7f\xf3\xf5"
	"\xfe\x45\x83\xa9\x39\x32\x48\xe2\x90\x95\xf0\xa7\xe4\x14\x3e\xae"
	"\x28\xd7\xc4\x21\x41\x1c\x96\x53\xea\x9d\x01\x3e\x5a\xf4\x71\xb2"
	"\x8e\x0f\x3f\xf1\xa0\x4a\xcc\x2e\x58\x1f\x71\xaa\xcd\x14\xf2\x20"
	"\xaf\x0a\x02\x47\xa3\x8b\x7f\xcc\x53\xb7\xfd\x62\x9a\x1c\x96\x83"
	"\x19\xb5\x07\xa6\xc5\x80\x78\xfd\x52\xa4\x39\xb1\xbb\xdd\x0a\x62"
	"\x9f\x56\x24\x62\x73\xcb\xa4\xdb\xc2\x67\x87\x76\x35\x95\xcb\x2c"
	"\xac\xd8\xa7\xdd\xf8\x95\x69\x3f\xba\x0c\x26\xa2\x9f\xde\x5a\x12"
	"\xb0\x45\xfb\x54\x87\xf2\x22\x2e\xf2\x91\x7e\x63\x19\x26\x75\x49"
	"\x32\xae\x93\xc2\xb6\x9b\xda\x6e\x44\x62\x9b\x52\xe9\x47\xfe\x36"
	"\x88\xd0\x26\xdf\xf1\x32\xcb\xcb\xeb\x0f\x0f\x2f\x0f\x1f\xef\xbe"
	"\x3e\x1f\x1f\x9f\x3e\xbe\xfe\xe7\x43\x2f\x9b\x9e\x5f\x51\x79\x13"
	"\x44\x71\x61\x9a\x4e\x6c\xe2\xa0\x97\xa0\xe2\x53\x66\xe5\xf5\xd0"
	"\x4e\xdf\x8d\xd2\x3e\xf3\x6e\xec\x4a\x83\x03\xb6\x70\xa6\xb3\xc0"
	"\x6e\x9f\x88\xf2\x7d\x13\xe9\xd3\x34\xa5\x2c\x58\x29\x63\xdc\x3c"
	"\xd0\x14\x25\x28\x2a\xd3\xca\xaa\x08\x83\x5e\x82\xc3\x99\xff\x4c"
	"\x21\x9d\xc0\x4f\x2c\x5e\x7f\xe8\x33\x97\xd7\x87\xb9\x65\xa3\x1d"
	"\x66\x91\x23\xa5\x3c\x04\x9a\xaf\xd1\xff\x86\xf0\xeb\x53\x75\x40"
	"\x6c\x1d\xb4\x22\xd7\x60\x40\x5d\x50\xa3\x60\x4b\x4c\x78\x60\x47"
	"\xdb\xc4\x3c\x93\x65\x8e\xe0\x72\xa6\x05\x1a\xd2\x98\x8c\xe6\x04"
	"\xc0\xbd\xa2\xaf\x78\x09\x1a\x80\x87\x21\x4e\x0f\x73\x0f\x39\x61"
	"\x99\x8c\x6f\x7c\x0c\x45\x30\x5c\x10\x81\xdd\x34\x47\xca\x45\xee"
	"\xab\x41\x11\x0b\xc9\x60\x96\xe7\x1e\x1e\x91\x07\x88\xec\xe6\xe3"
	"\x90\x29\x15\xb5\x41\xd3\xd1\xd2\xce\x43\xd7\xf6\xc2\x81\xb7\xa6"
	"\x88\x55\xee\xcb\x82\x6f\x4a\x56\xaf\x0a\x42\xf2\xae\xd3\xfe\x1d"
	"\x67\x11\xdd\x5e\x89\xb7\x3f\x5e\x94\xfb\xd5\xd9\x68\xa8\xf1\x10"
	"\xa8\xad\x40\xc2\xf0\xd3\x13\x3a\x0a\x5d\x4c\xb7\x79\xc6\xd0\x0c"
	"\x65\x84\xbc\x6e\x09\x07\x79\x14\x07\x56\x8f\x16\x59\x5a\x47\x82"
	"\x80\xc3\x36\xb8\x30\x3f\x92\x2b\x00\x71\x5a\x90\x00\xbb\xc8\xd1"
	"\x38\xcd\xde\x2c\x06\xb3\x09\xac\x02\xc9\xfc\x9c\xb1\xe2\x3c\xbc"
	"\x83\x13\xe1\xce\x46\x7e\x96\x1b\x62\x2c\xce\x0c\x76\xe3\x6c\x86"
	"\xca\xda\x60\xd0\x7e\x2e\x20\xb0\x14\xd3\xa0\xff\x58\x53\x1c\x9f"
	"\x31\xda\x87\xd2\x32\x1e\xf4\x3d\x64\x07\x55\xbb\x23\x6b\x8b\xbe"
	"\xab\x68\x28\x2a\x4c\x26\x5d\x36\x95\x4f\x55\x77\xbb\x28\x99\x68"
	"\xed\xb0\xfa\x20\x97\x1a\xb1\xb2\x23\xe0\x1b\x08\xcb\x55\x8c\xc1"
	"\xd6\x1a\x8f\x66\x27\xad\x1b\x6a\xcb\xfa\xaa\x8d\xa6\xf0\xe1\x8f"
	"\x7b\x8c\x80\xf7\xaf\xef\xff\x6e\xfe\xf1\xbf\x8f\x5f\xf5\xbf\x3e"
	"\xf4\x41\x33\xcf\x25\x3a\x1d\x5d\x5b\xdd\xa1\x64\x70\x18\xd9\x14"
	"\x55\x6d\xb9\x6b\x25\xf1\x2a\xdb\x85\x71\xea\xb4\x66\x63\x1d\xdf"
	"\xe9\x36\xa6\x98\xf9\x28\x7c\xb3\x2e\x4a\xe7\x0e\xaf\xd8\xf5\x5b"
	"\xb3\x08\x4d\xbc\x3c\x41\xe8\x13\x3a\xc2\x82\x74\x03\x11\xda\x12"
	"\x4b\xbf\x5e\x88\xd8\x85\xaa\xbe\x16\x6e\xe1\x24\x39\x77\x3a\x02"
	"\xe9\x63\xa5\x10\x86\x5d\x3d\xb7\xd0\x4a\xcf\x01\xfd\x4a\x84\x9f"
	"\x57\x37\x3f\x71\x1a\xcb\xdb\x76\x92\xac\xef\x9f\x1f\xfe\x7d\xf7"
	"\x7c\xec\x9b\x2d\xaa\x19\x29\x30\xca\xf2\xde\x9e\x95\x2a\x39\x88"
	"\x78\x40\x79\xf4\x28\xbf\xe3\xa0\x88\x4f\x50\xdf\xee\xde\x89\xcb"
	"\x74\x8f\x26\xfe\xd0\xe9\x29\xb1\xa0\xd6\x7b\x34\x4f\xd6\x6a\x9e"
	"\xc7\x83\xae\x56\x81\x00\xbb\x18\x76\xda\xf5\x39\x30\xbd\x2d\x37"
	"\x79\xbe\x41\x97\xef\xa6\x60\x22\xb0\xb0\x50\x86\x7e\x0e\x0d\xfd"
	"\xdb\xf3\xdd\xd5\x9f\x6d\x87\x9d\x9e\xa4\x3a\x81\x15\x1d\x67\xfb"
	"\xf5\x3d\xe2\xd3\x2a\xe9\xde\xb5\x09\xd5\x56\xa8\xfb\xbc\x0c\x1b"
	"\x80\x07\x63\x14\x0f\x72\x54\x13\x56\x7e\x40\x1b\xd7\xce\xbe\x00"
	"\xca\xa4\xee\x2e\x54\x95\x50\x09\x8e\xee\x7c\x2a\x4f\x8b\xb4\x16"
	"\x20\xcc\x44\x7c\x30\xb5\xbb\x96\xa4\x7c\x93\xf4\x4c\xe9\x16\x3e"
	"\xa9\x79\xa6\x4c\xe5\x63\x62\xa3\x54\x3c\x94\xab\xd2\xe7\x55\x68"
	"\xf8\x67\xe1\x6f\x92\x19\x2a\x91\xae\x54\x47\x99\x5a\x4f\x2c\x50"
	"\x20\x51\x1d\xf4\x99\x26\x1d\x68\xd2\x66\x2d\xc8\x2e\x07\xcd\x83"
	"\x26\xae\xa4\xa7\x2e\x59\x9c\xf4\x3f\x6d\x5b\x37\x52\xdf\x75\xd0"
	"\x45\x30\x01\xbd\x3d\xfa\xa9\xf0\xdf\x81\x49\x59\xf6\x93\x1d\x03"
	"\xd8\x92\x5c\x03\xa8\x68\x6a\xe5\x7a\x2b\xd5\x19\xe3\xde\xd7\xfa"
	"\x3c\x13\x67\x9f\xb5\xe3\x8a\x7b\xd5\x36\xd9\xc0\xea\x54\x37\x01"
	"\x24\x1f\x06\x37\x3e\xb8\x87\xde\x39\x35\x11\xde\xc2\x8a\x26\xda"
	"\xa4\x35\x8e\x18\x79\xe1\x6c\x56\x9c\x28\xe7\xcf\xad\xe1\xf2\x82"
	"\x46\xf4\xe8\xe9\x77\x4b\xd0\xed\x7e\x70\x25\xd7\x2c\xd9\x08\x8a"
	"\x16\x67\xe8\x92\xae\x3d\x4b\x0c\x1e\x38\x0b\xda\x03\xd3\x26\xfa"
	"\x56\x43\xc3\xb1\xaa\xe2\x44\xc6\x99\x76\x42\x42\xcf\x03\xa3\x02"
	"\xda\xf5\xb0\x63\x36\x6e\x27\xc4\x8d\x73\x22\x5a\xfa\x1b\x55\x60"
	"\x9a\xe0\x12\xb3\x55\x2e\x3b\xc0\x16\xea\x27\x06\x4b\x51\xfe\x6f"
	"\xca\x57\x64\x6d\x78\x0c\x14\x25\x24\x36\x6c\x20\x68\x33\x0b\x51"
	"\x42\x13\xa8\x86\x6a\xaa\x2c\xb9\xb1\xec\x6f\xd6\xa9\xac\x77\x43"
	"\x17\xbf\xa2\x8c\xac\xea\x59\xde\x3a\xac\x92\xf9\x5a\x4c\x88\x59"
	"\xaf\x84\xa4\x31\xad\x02\x48\x72\xf9\xa4\xc0\x10\x24\xec\xd6\x62"
	"\x3e\xa7\x82\x74\x0a\xe3\x12\x56\x46\x0d\x7f\xb9\x85\xc9\x99\x17"
	"\x75\xa0\x83\x73\xb7\x0e\x4a\x9e\xf2\x4c\xb2\x44\x17\xd4\x20\xff"
	"\x7f\xf9\x7e\x7c\x31\x35\x06\x25\x1c\xfb\xd6\x41\xe1\x47\x50\x6f"
	"\x3e\x85\xbb\x50\xed\x3e\xe7\xcd\xa7\xf3\x96\x94\x2f\x67\xb3\x01"
	"\x25\xb6\xaa\x70\x6d\x91\xf4\xbd\x69\x2e\x3e\xad\x99\xfc\xc4\x0f"
	"\xf8\x67\x26\xad\xdc\x4f\xd3\x48\x5a\xdd\x93\x0a\xf8\xd2\xdd\xf3"
	"\xbb\xb5\x2d\xee\xe0\x77\x7b\x67\x12\xe4\x21\xc7\x08\x33\xd7\x93"
	"\xf1\xdc\x45\x8f\x73\x84\xfe\x80\x73\xd7\xf5\x87\xfb\x97\xa7\xc5"
	"\x62\xba\xfc\x38\xfc\xd0\x9d\xcf\x67\xd6\x4a\xae\x17\xce\x2d\xd3"
	"\x2e\x5f\xa7\x38\x4a\x78\x7b\xfd\x73\xf1\xa1\x7b\x75\xd5\x93\xfa"
	"\x5a\xd9\x7f\x39\xbe\x7d\x7d\x02\x2d\xc1\xd1\x33\x88\x74\x62\x75"
	"\x8d\x4a\xda\xda\x36\x68\x5d\x22\x1e\x49\x65\xd2\x5d\x5a\x90\x88"
	"\xbd\x82\xce\x21\xb1\x76\x66\x37\xb3\x83\x83\x74\x82\x97\x4f\x54"
	"\x8e\x55\xf7\x08\x80\x1e\x5a\xdd\xf6\x5b\x61\x75\x65\x5a\xf4\x7e"
	"\xba\x24\xb3\x26\xb4\x7b\xd4\xf9\x3a\xb2\xda\x80\x90\x58\x11\xd3"
	"\xac\xa1\xd6\x44\x14\x21\x85\x83\x15\x31\x51\x6f\xe2\x0d\xde\x41"
	"\xe8\x66\x77\x11\x63\xb5\x33\x84\x31\x7e\xe8\xe3\xa1\xc4\xb9\xf6"
	"\x40\x33\x97\x69\xc9\xb2\x0d\xa7\x77\x6b\x16\x7a\x68\xeb\x35\x31"
	"\x85\xb9\x12\xef\xe6\x24\x6a\x93\x5c\x8e\x96\x02\x74\x3f\xd0\xfa"
	"\xcc\x79\x10\xd1\x25\x03\x49\x7b\x99\x11\xfa\x87\xa7\x41\x2b\x9a"
	"\xe4\xf9\x2a\x28\x59\x4a\x90\xc4\x4d\xc5\x44\x44\x10\x77\x1e\xf5"
	"\x0a\x9d\xca\x0f\xa4\x7e\x95\x7a\x5a\x5f\xd0\xb4\x9b\xec\x30\xf1"
	"\x52\x67\x34\xb5\xf4\x15\x5a\xa8\x2b\x3a\x77\x0f\xdc\x8a\x1d\x29"
	"\x36\x3d\xdd\x5d\xe6\xd4\xfc\x81\x6d\x14\xb1\xe6\xac\x49\xdb\x12"
	"\xad\xe9\x8d\xbf\xbb\x5b\x9d\xfa\x6d\xb8\x6b\xe9\x14\x5c\x9d\xae"
	"\xb2\x90\x38\xb1\xd9\xc5\x9e\x38\x7c\x69\xf6\x9a\x88\x18\x89\xd0"
	"\x0e\x19\xa5\xf8\xc2\x97\xb8\xa9\x36\x31\xe0\xc3\x4c\x10\xb5\x41"
	"\x26\xed\x25\x8a\x4c\x46\xc3\x42\xf3\x57\xbf\x9d\xa1\xb7\xa1\x61"
	"\xbf\xa5\xa1\x56\x12\x61\xfb\xcd\x2b\x49\xd5\x3b\x84\xf3\xa4\x88"
	"\x2f\xf1\x20\x92\x1b\x8e\xd8\x25\x3e\xe8\xbe\x56\x0f\xaf\x13\xb6"
	"\xe2\xae\xca\x6e\xd4\x35\x47\x01\xca\x5d\xde\x69\x33\xd6\xd4\xfe"
	"\xa9\x9b\xd4\xe9\x3e\xdb\x91\x59\x54\x59\xd9\xbd\xc5\xd1\xbf\xeb"
	"\x8d\x79\xbe\x84\x24\xa8\x14\xa6\xd6\xdb\x72\x35\xa5\xfc\x92\xf1"
	"\x4b\xda\x23\x3e\xe0\x45\x44\x8a\x90\x98\x9a\x17\x41\x41\x7e\x93"
	"\x87\x8c\x96\xbe\xd4\xe2\xe9\x42\x43\xc0\x8f\x76\xe7\x36\x34\x82"
	"\x0e\xb9\x55\x29\x6a\x50\x29\x8c\xc9\xd1\xa5\xcd\x89\xb7\x4d\x93"
	"\x89\xb0\x84\x30\x98\x16\xc4\xdb\x85\xc5\x34\x7a\x0f\xd3\xbb\x8a"
	"\x7b\x47\xc5\x17\xb3\xf7\xd4\x89\xb0\x87\xb3\x98\xde\x53\x71\xc2"
	"\x58\xc6\x62\x9a\xbc\x87\xe9\x3d\x5d\x40\x38\x3e\x59\x4c\xcb\xcb"
	"\x4c\xcb\xf1\x3b\x72\x5a\xbe\x67\x80\x97\xe3\x77\xf4\xd3\x72\xf2"
	"\x8e\x3a\x2d\xe6\x74\x3f\x81\x4e\x8f\x13\xbe\x5e\x5c\xce\x66\x38"
	"\x7a\x4f\xb5\x81\x8b\x9e\x04\x4c\x04\x71\xec\x5e\x90\xa7\x9a\x0c"
	"\xed\x15\xd6\x12\x46\x17\x1b\x31\xbe\xc8\x71\xb9\x23\xa6\x17\x39"
	"\x66\x17\x39\xe6\x17\x39\x96\x17\x39\x86\x97\x1b\x33\xbc\xdc\x9a"
	"\x21\xdd\x9c\x6d\x1e\x2f\xea\xd2\x4f\xae\x48\x32\x06\x9f\x05\x6d"
	"\x88\x65\x5e\x8e\x80\x27\x92\x78\x29\x3a\xb3\x64\x92\x57\x65\xee"
	"\x67\x2a\x73\x26\xe3\x4b\x85\xdd\x96\x71\x92\x5c\x28\x6e\xc3\xf8"
	"\x45\x96\x92\xf3\xad\x97\x23\x86\x76\x59\xf8\x4c\x7d\x9e\xac\x22"
	"\xd0\x73\x8d\xee\xbb\xd4\x28\x59\x95\x5b\x2b\x60\x51\x87\x03\x0f"
	"\xa8\x86\xcb\x7e\xe2\x7e\x6e\xa8\xb2\x18\x17\x28\x71\x9f\x9e\xf0"
	"\x5a\x83\x9a\xd2\xdb\x76\x13\x9b\x3a\xfe\xdd\x6d\xe0\xb5\x3d\x3e"
	"\x3f\x1e\x7f\x5c\x7d\xbf\xfb\xf2\xd7\xfd\xe3\xb7\xd6\x92\xfe\xe7"
	"\xf3\xfd\xe3\xeb\x5f\xda\x60\xe6\xe1\xf8\xf2\xad\x1f\x42\x58\xdd"
	"\xf8\x6c\x15\x14\x91\x71\x42\x13\xb9\xba\x59\xdb\x24\x7c\x87\x2a"
	"\x5e\xb3\x3b\xcf\xcf\x30\x3f\x78\x3e\x72\x70\x4c\x3a\xa7\x18\x54"
	"\x34\x9b\xfc\x43\x6e\xc5\x23\x3e\x77\xd8\x6d\xc6\x30\xd6\x02\xdd"
	"\x72\x0d\x8b\x97\xe6\x61\xa5\xaa\xc4\x42\x85\x0f\xe3\x61\x6d\xab"
	"\x5f\x65\x70\x0a\xc5\x50\x67\x45\xae\xee\xba\x84\xc3\x1f\xeb\xe1"
	"\x27\x9c\xf8\x3f\xbe\xde\x3f\x1c\xaf\xbe\x7c\x3f\x7e\xf9\xeb\x45"
	"\x75\xd6\x17\x9d\xfe\xdc\xe9\x2f\xab\x0c\xbb\x0a\x27\x07\x58\x35"
	"\x8c\x78\x77\x06\x8c\x45\xc9\x03\x26\x79\x47\x1b\x6c\x31\x84\x2a"
	"\x21\xf5\x75\x6e\xe7\x06\xa5\x44\x58\x1a\xfc\xf2\x7a\x34\x98\x2c"
	"\xba\x2f\x58\x65\x5c\xa0\x5d\x38\x1c\x62\x52\xe2\x54\xc4\x59\xa8"
	"\x21\x79\x05\x35\xfd\x40\x61\x0f\x31\x83\x55\x4e\xd8\x19\xab\xbd"
	"\x23\xdf\x67\xc4\xd3\x90\x6e\x36\x75\xda\xe3\x88\x7d\xd5\xdc\x50"
	"\x7b\x3e\x17\xfa\xee\x19\x4f\xfb\x29\x82\x18\x3a\x1f\xc8\x4c\x16"
	"\xdd\x97\x79\x96\xdc\x76\x0d\x5c\x54\x7a\x26\x9b\x4e\x6b\xc7\xd7"
	"\xee\xcc\x26\xdd\x84\xd4\x50\xcd\xd0\x38\x89\x9c\x6d\x51\x7d\x47"
	"\xfc\x13\x27\xc0\x35\x1a\xd1\xc0\xd1\xae\x6b\x25\xd3\x49\x3c\xdd"
	"\x36\xe9\x41\xbd\x1e\xfc\x1a\xba\xb8\xec\xc8\xbb\xba\x06\x27\x84"
	"\x1d\x6d\x48\x7a\x7c\x78\x7a\xfe\xfb\x2a\x3c\xfe\xf1\xf6\xed\x9b"
	"\x5e\xbf\xe6\xb8\xf0\x83\xe4\x19\x79\x1d\xaf\xb3\x44\x46\x96\x24"
	"\x44\xd8\x43\x95\x0d\x74\x88\xc8\x33\x0b\xde\xc6\x91\x0d\x4c\xa8"
	"\xb5\x87\xa5\x04\x95\x1f\xaf\x7a\x29\x98\x63\xcd\x95\xaf\xf0\xa9"
	"\x81\xb8\x90\x48\xaa\x15\x89\x21\xa6\xde\x01\x9b\x6e\x42\xac\x16"
	"\x18\xa6\xfe\x10\xb6\x14\xdf\x6c\x93\x68\x9f\x53\x09\xeb\x9a\xca"
	"\xe2\xda\xa5\xbe\x3b\xac\x86\x47\x0b\xdf\x7e\x2d\x1a\x82\x4f\x6e"
	"\x69\xc8\xcf\x38\x8b\x7d\x7d\xd5\xcc\x42\x84\x71\x26\x7b\x44\xd5"
	"\x69\xcb\x44\x37\xec\x9e\x45\x50\x28\x20\xac\xfb\xb0\x11\x04\xaa"
	"\x19\x9a\x7a\x86\xaf\x74\x51\xcf\xdf\x9e\x1d\x6c\x90\xe0\xa8\x4f"
	"\xf3\x01\xf6\xef\x39\x32\xd9\xa9\xcf\xb6\x41\xbe\xeb\x95\x01\x1f"
	"\x40\x72\x63\x1a\x60\x42\xb0\x23\xbf\x6f\x18\x23\x2b\xb4\xbc\xbe"
	"\xd4\xc6\xb5\x72\x85\x6e\x7e\x6f\x3f\xb5\xd0\x8e\xee\x1e\xbf\x59"
	"\xb8\xc5\x6b\x89\xc7\xef\xaa\xf0\xe3\x11\x9c\xe0\x32\x4b\x3c\xf1"
	"\x23\x4c\x92\x7e\x2c\x23\xea\x84\x39\xd5\x51\x95\x6d\xa0\xbb\x84"
	"\x7b\xfe\xed\x6f\x4e\x20\xad\xfe\x12\x73\xf7\xbb\x97\x41\xaf\x77"
	"\x2c\xa9\xf8\xb5\x85\xee\xd9\x02\x7a\x7e\x3c\x09\x1d\x1d\xd6\xd3"
	"\x8a\xac\xde\xc4\xfa\xd4\xe8\x5a\xfd\xf2\x35\x99\xda\x79\xcf\x1d"
	"\x23\x6b\x19\x95\xb9\xc4\x87\x23\xd7\xd3\x8f\xca\xa6\x05\x12\x35"
	"\x4a\xd6\x6b\x90\x67\xe1\x69\xbb\xb3\x46\x17\xdb\xb1\xe5\xbc\xb8"
	"\x20\x94\x4a\x0c\xc7\x27\xfb\x86\xc4\xe8\x2a\x7a\x12\x9b\x57\xff"
	"\x78\xf9\x79\xff\x88\xee\xa3\x2f\xff\xba\x7a\x78\x7b\x3d\xfe\x3a"
	"\xc2\x3f\x8e\xaf\x5f\x7e\xfb\xed\xb7\x7f\xf6\xf7\x70\x68\x55\x5a"
	"\x49\x7e\xe0\xc2\x37\xfb\x9a\xb0\x17\xbe\x25\x7e\x31\x93\xfd\x5e"
	"\x33\x81\xdc\xcb\xf7\x05\x23\xac\x4e\x1a\xfc\x5f\x7c\x0e\xf5\xc8"
	"\x71\x85\x78\xdf\xbc\x79\xba\x9d\x7a\x54\xec\x78\x18\x0c\x4f\x21"
	"\x4c\xe6\xa8\x74\x29\xa0\xc2\x0b\x75\xc1\x50\xb0\xac\x88\x4f\xf6"
	"\x3e\x82\x2e\x14\x16\x98\x02\x54\x23\x37\x86\x73\x3f\xd0\xc6\x43"
	"\x6a\xc6\x28\x31\xd1\x9d\x2c\x4a\x0b\x80\x5e\x01\x4d\x46\x70\x1e"
	"\xc2\xcc\xd2\xc0\xa3\x9e\xca\x6f\xf5\x06\xe4\xdf\x60\xe0\xff\x1d"
	"\x2f\x57\xb9\xe0\xf6\x0e\x4d\x53\x92\xd8\x8c\x66\xd0\x4c\xd1\x58"
	"\x11\x7c\x53\xc9\x37\xc3\x5b\x14\x63\xdf\x34\x0a\x4a\x68\x79\x06"
	"\xc7\xb0\xa4\xaf\xca\x96\x41\x45\xe8\x0f\x6a\xc2\x20\xd9\x69\xa5"
	"\x74\x69\xc8\xe0\x43\x85\x4d\xe7\xe7\xa0\xb2\xe9\xb0\xa8\x90\x34"
	"\x12\x87\xf0\x84\x59\x3c\xec\xd2\xcf\x32\x09\x99\x40\xdc\x99\x05"
	"\xe0\x84\x20\x8b\xe7\x37\xe2\xe2\x01\x02\x64\xb2\x56\xfb\xca\x9e"
	"\xc2\x67\x71\x6a\x8b\x04\x15\x27\x96\xef\x88\x78\xc4\xd0\x98\x28"
	"\x97\x45\xa2\xd5\x0c\xc9\x5b\x53\x5f\xf7\x51\xb2\x19\x5b\x0c\x20"
	"\xa3\x7c\x7b\xbc\x36\x18\xef\xb0\xd3\x48\xa0\xc4\x2c\xb8\x95\xb9"
	"\x0b\xea\x2e\xcb\x0b\xdd\x5d\xa5\xa5\x27\xac\xab\x4c\xeb\xd6\x7e"
	"\xea\xa6\x64\x45\xe4\xe6\x69\x0f\x6b\xeb\x76\x7d\x1a\x19\xe8\xbd"
	"\x3d\x0d\xf2\x0a\x34\x73\xd8\x4b\xf3\x32\xb4\x58\xf0\x51\x54\xcd"
	"\x00\xe4\x54\xda\xb9\xb0\x43\x98\x36\x1f\xea\x5c\x3a\x0f\x95\x2a"
	"\xef\xc0\x0c\x4a\x54\xaa\x30\xd5\x16\x08\x73\x83\xad\x0b\xfc\xc6"
	"\xf3\x1d\x8e\x0f\x0e\xa9\xd8\xc7\x78\xaa\xb0\x9b\x87\x16\x8d\x70"
	"\x98\xdd\xd8\x16\x0f\x0a\x8b\x46\xae\x08\x23\x47\xa3\x84\xd6\xf4"
	"\xd7\xce\x3a\x8c\x85\x3a\x9b\x35\xaa\x8f\x3a\x10\x9b\x0d\xc3\x66"
	"\x9c\x63\xc0\xb4\xf3\xa0\x27\x03\xad\xf1\x23\xb6\x07\xb5\x51\x22"
	"\x1c\xb2\xea\x08\xc2\x1f\xbf\xbc\x01\xe5\x68\xfd\x8e\x8c\x7c\x2c"
	"\x7a\x87\xf7\x30\x44\x7b\x04\x8a\xf4\x30\x34\x53\xa6\x99\x16\x84"
	"\xe3\x91\xfa\xbc\x16\x19\xa8\xc6\x51\xee\x92\x2e\x2b\xd8\x0a\x60"
	"\x48\x9b\xa8\xd3\x30\xff\xcd\x38\xab\x6d\x3a\xcb\x32\x74\x8f\x43"
	"\x7d\x47\x7d\x40\xec\xd8\x5a\x63\xf1\x54\x1a\x63\x8e\x61\x08\x5e"
	"\x05\xdb\x67\x49\xa5\xf6\xb8\xad\x22\x5c\x35\x23\x70\x1e\xd2\x55"
	"\xb1\xee\xa5\x59\x9c\xbd\xae\x41\xe8\x7a\x50\x60\x49\xe9\x7b\x5e"
	"\x4a\xf5\x0a\x64\x42\x84\x78\xed\x6e\x39\x79\x5e\x2c\xff\x0f\xce"
	"\xf7\x95\x0f\xf5\x67\x09\x1e\x5e\xd4\x5d\x16\xbd\x58\x9a\x76\xf6"
	"\xa0\x16\x31\x80\x3d\xea\x18\x3d\x19\xae\xb7\xb6\xb7\x47\x75\x41"
	"\x23\x8f\x2f\xaf\xd6\xe6\x86\xd5\x52\xdb\x2e\x28\xfb\x25\x51\x41"
	"\xee\xa3\xae\x5a\x65\x43\xa9\x24\x9e\x4d\x6e\x85\x86\x4d\x34\x5d"
	"\x5d\x34\x60\x27\xf8\xd9\xb4\x6b\x0d\x4d\xd7\x7a\x19\x5a\xdb\xfb"
	"\xc2\x08\xa9\x26\x45\xfc\x60\xc3\xbd\x5b\x6d\x96\x6a\x20\x9b\xb8"
	"\x1c\x34\xdf\x16\x18\x25\xe1\x58\xae\x18\x94\xc8\x5a\xd3\xf4\x55"
	"\x2c\x29\x33\x60\x45\xaf\xaa\x38\xa4\xa9\x25\x5e\xd2\x49\x3b\x0a"
	"\x85\xd5\x56\x46\x44\x8c\xd7\xe3\xbf\x4d\x3d\x85\x0b\x15\x4d\xa4"
	"\xb8\xf5\xd4\xbf\xf0\x34\xce\x6b\x73\xac\xfb\x59\x59\xfa\x78\x6a"
	"\x40\x5f\x7e\xa6\x3c\xf5\x0f\x32\xea\x16\xb0\xa5\x6c\xf9\xad\x6f"
	"\x00\xd3\xdc\xd3\xbf\x50\x06\x79\xf9\xd0\x96\x81\x5a\x7e\xec\x14"
	"\xad\x78\x8f\x93\xd5\xea\xba\x07\xb6\xe5\xb2\xea\xd9\x96\x9e\xd4"
	"\x36\x8b\xc7\x2d\x5b\x19\x42\xe0\x5e\xb8\xe1\xd8\xa8\x48\x03\xe7"
	"\xdb\x01\xf8\xed\xbb\xa1\xa9\x56\xea\x2e\x02\xaa\x21\xe3\xdf\x39"
	"\x9e\x11\x4c\xb3\xf7\xe6\xaa\xb0\x65\xcc\xf2\x3a\xab\x08\x5f\x31"
	"\xc5\xe1\xbf\x0d\x52\x8e\x06\xb1\x50\x07\xb4\x3d\x0f\x2d\x0b\x7b"
	"\x58\xb8\x85\x54\xd1\x5d\x48\x78\x32\x83\x4b\xc9\x3b\xca\x98\x25"
	"\xc6\x73\x7b\xab\xb7\xc4\x61\xe9\xc9\x4e\x9f\x85\xb0\xf9\x4a\xc7"
	"\x81\xad\x5d\x70\xdf\x49\x64\x7f\x70\xc2\x09\xab\x93\x61\x12\x6f"
	"\xb2\xe6\x86\xaf\xdf\xba\x92\x27\x08\x6c\x4e\x8a\x2f\xc5\x84\x82"
	"\x27\x80\x65\x55\xe2\xfd\xea\x8a\xaf\x11\x84\x3d\x65\x44\x18\x5e"
	"\xec\x28\x11\x6f\xa2\xfe\xd9\x5e\x1c\xbf\xbc\x3d\xa3\xbf\x6f\xef"
	"\xd1\x02\x97\x43\xd7\x14\xee\x56\x5b\x2c\x33\xe3\x54\x86\x42\x0f"
	"\x36\x06\x54\x06\x81\x03\x45\x21\x61\x6c\xd5\x64\x41\x00\x5a\x2a"
	"\x93\x30\xd0\x19\x48\x16\x20\xd4\x61\x54\xe7\x50\x9e\x7a\x9a\xa1"
	"\x60\x07\x1a\x63\x92\x30\xe5\x42\xb9\x9d\xa9\x4e\x72\x5f\x80\xf7"
	"\xcc\xbf\x4f\x5f\xef\xe1\x4f\xa5\x4c\x46\x79\xbe\xf5\x97\xe4\xb4"
	"\xbb\x38\x65\xd4\x58\x2f\x39\x0b\x69\x2d\x9b\x0e\xeb\x32\xf5\x37"
	"\xc6\xbe\xca\x68\x8f\x27\x2a\xc0\x36\x68\x03\x20\x79\x6a\x16\x86"
	"\xe5\xf5\x78\x34\x9f\x2d\x8c\xb5\x1e\xb1\x12\xce\xb2\xd0\xb1\x28"
	"\xa0\x51\x3e\xeb\x3b\x0f\x33\xcc\x4f\x8f\xc9\xb0\xbd\xeb\xe5\x80"
	"\x57\xd7\xa2\x70\x2e\x61\x98\x84\x3a\xb2\x4b\x5e\x95\xdd\x93\x4b"
	"\x23\x60\x31\x0b\x90\xa2\x5c\x6f\x96\x17\xc8\xaa\xd9\xd7\x1f\x3e"
	"\xf4\x3a\x15\x36\xed\x38\xab\x0e\xce\x4e\x6d\x68\xea\x55\xac\x60"
	"\x64\xd8\x00\x9b\xbd\x39\x3c\xf8\x86\xf2\xc4\xca\x15\xf8\x6a\xa7"
	"\xf2\x36\x07\xdb\x05\xb5\x7d\x4b\x67\xf3\xa8\x6b\xba\x92\xdf\xa0"
	"\x07\x90\x7d\xf3\xd8\x63\x16\x71\x08\xd3\x51\x6d\xcf\xa8\x05\x88"
	"\xeb\xa5\xab\x29\x29\x05\x16\x7e\x62\x01\xad\x27\xbf\xcd\xfd\x3c"
	"\xac\x80\x6e\x4b\x89\x2b\xdc\xb3\xad\x56\xce\xc2\xe2\xff\x1a\x3b"
	"\x92\xe5\xc4\x75\xe0\xaf\x50\x73\xe6\x10\x48\xc8\x64\x0e\xef\x20"
	"\xcb\x02\x3c\xf1\x36\x12\x84\xc0\xc5\xe5\x01\x27\xa1\x66\x58\x0a"
	"\x48\xcd\xcb\xfb\xfa\xa7\x96\xb1\x2d\x59\x2d\x67\xaa\x52\x45\xa5"
	"\xbb\xb5\x58\x4b\xab\xd5\xea\xc5\xe1\x36\x5b\x13\x2d\x49\x44\x3e"
	"\x19\x7e\x32\x06\xc7\x50\x87\xdc\xa2\xb5\x46\x1f\xfd\x64\x11\xc3"
	"\x8a\x47\x0d\xc2\xc1\xb1\xb4\xb5\x97\x6b\x60\xe3\x07\xd0\x55\x34"
	"\x23\x73\x3f\x30\x93\x67\x3a\x3a\xcf\x9e\xf0\x20\xf1\xa5\x42\xa1"
	"\x6b\x91\x5a\x34\xad\xa0\x7e\xcd\xb6\xfe\xe7\x0b\x68\x57\x37\x87"
	"\x3f\xfb\xfe\x47\xbe\xcb\xfb\xbf\x0f\xf9\xe6\xb8\xdd\xf7\xcf\xf9"
	"\x4b\x21\x29\xb7\x9b\xfe\x76\x7f\x29\x5e\x81\x6d\xf7\xcf\xc5\xef"
	"\xed\xfe\xfd\xdf\xfe\x79\x97\xaf\x7f\xf5\x2f\x87\xdd\xe1\xe3\xd0"
	"\xcf\x8f\xc7\xfc\xb4\x3b\x9c\xfa\x3f\x8f\x2f\x5f\x5a\x4f\xd7\xa7"
	"\x4d\xa1\x62\x42\x34\xfc\x5e\x7f\x1c\xdb\xee\xb7\x10\x8b\x6c\xfb"
	"\x5f\xde\x0e\x04\x08\xb2\xcb\xf5\xda\x06\x77\x3f\x87\x7c\x5e\xd3"
	"\x80\x02\x42\xee\x60\x29\xaf\xc7\xe8\xc0\x1b\x84\x2b\xc6\x13\xdd"
	"\x05\x43\x22\x95\xf3\x08\x1c\x83\xd5\xb0\x99\x02\x51\x45\x33\x86"
	"\x8b\x40\x43\x82\x34\x55\x66\x2e\xa9\xfd\x04\x4e\x1f\xc7\xcb\xa1"
	"\xb7\x3e\x9c\x8a\xde\xe1\xd4\x7b\x2b\x7e\x1f\x95\x9b\x9a\x41\x0c"
	"\x6e\x2b\x46\xb6\x24\x03\x3c\xb4\xe1\x8c\xf8\x28\xd0\x26\x95\xd7"
	"\x5a\x1a\xa4\x53\x9d\xfb\xb5\x31\x76\x21\xd8\xf9\x28\xd0\x26\xe5"
	"\x86\x36\xa6\x86\xa1\x84\xb5\x39\x81\xd5\x75\x67\x4f\x88\xab\xf7"
	"\x8f\x69\x3a\xc4\x80\x76\x0d\x20\x43\x20\xdd\x11\x86\x1c\x74\x85"
	"\xfa\x53\xe7\x84\x66\x8c\xfa\xf6\xa0\x44\x24\x96\xa7\x13\x77\xc1"
	"\x87\x48\x1b\x70\xea\xb8\x5b\xb9\x16\x6c\xd4\x4b\xa0\x9b\xb7\xaa"
	"\x9f\x8c\x07\xc3\x87\x68\x1e\x5a\x08\x10\x82\x51\x20\xd6\x93\x54"
	"\xfd\xba\xfb\x02\xe2\x82\x4a\xc6\x69\xd5\xa8\x7e\x7c\xa4\xca\xa8"
	"\xc4\xb8\xeb\x24\xf3\xd9\x54\x8a\x5f\x48\x51\x87\x92\xf9\x8a\x15"
	"\x41\xe4\xd7\xae\xd4\xef\x97\x37\x08\x15\xb4\xce\x2f\xc5\xa6\xc7"
	"\xf6\x6b\xd8\x63\x92\x7b\xf4\xfe\x6c\x2f\x6f\x3d\x72\x3e\x1f\xd6"
	"\x5b\x85\xf2\xf3\x4b\x6e\xed\x35\x4a\x23\x7b\x3c\x11\x18\x9d\x12"
	"\xf9\x37\xbc\x49\x93\x70\x39\xb8\xbd\x19\x59\x04\x82\xfd\x08\x9e"
	"\x2c\x28\x93\x85\x24\xb3\x78\xaa\x3a\xeb\xa9\xb8\xa7\xbb\xc3\xa6"
	"\x38\xdb\x5d\xf1\xa8\xdd\xec\x8c\x23\x30\x81\xb4\xe3\x21\x83\x18"
	"\x72\x47\xfe\xf8\x6a\xc6\x3d\xea\x1e\xe3\x67\x53\x57\x55\x6d\x2a"
	"\xb6\x5c\x70\x87\x22\xa0\x9a\x54\x3f\x90\x77\xb1\xb9\xed\xa4\x3b"
	"\xcd\xcf\x6f\xae\x6f\x97\xf2\x83\xcd\x63\x30\xe0\x73\x39\x4c\xed"
	"\x46\x9f\x22\x24\x46\xad\xbf\x7d\x2d\xce\x17\xbb\x31\x4e\x6f\x87"
	"\xc8\x58\x03\x18\xa9\xda\x0b\xe5\xbd\x66\xe8\x75\x7d\xb2\x2c\x3a"
	"\x1b\xdc\xf8\xc1\xd8\x3d\x9c\x13\x94\x8d\x6a\xcb\xc9\xda\x3c\xfe"
	"\x5d\x07\x63\xf0\xd1\x22\x81\x5c\x6e\x2c\x84\xdf\xae\xde\xf2\xc8"
	"\x1f\x38\x02\x19\x6a\x14\x0e\x53\xe4\x86\x62\x38\xba\xff\x84\xe2"
	"\xd6\x8c\x37\xda\xda\x30\x53\x32\xb0\x77\x91\xdc\x63\xa3\x7b\x0c"
	"\x3c\x1a\x60\x73\x23\x11\xb7\x5d\x9d\x98\x4d\xf8\xe0\xdb\xb0\x8b"
	"\x62\x91\x8e\x06\x76\x18\x32\xba\x3d\xbe\x19\x1e\xf7\xf5\xb1\x8a"
	"\x6d\x0a\x09\x6d\x25\x02\xb3\x28\xe2\xb9\x17\x88\x0e\x46\xc8\xe9"
	"\x1d\xba\xf4\x92\xc5\x38\x70\xe8\xc5\xaa\xb5\x47\x22\x16\x86\x01"
	"\xe9\xa6\x11\xb3\xd1\x67\x04\xf7\xee\xee\xf9\xe8\x67\x8f\xad\x13"
	"\xc3\xe2\x16\x53\xb2\x22\x7e\x17\x85\x20\xa1\x20\x5d\xcb\xa4\x62"
	"\xbc\xd8\xe4\x33\xd6\x5d\x37\xe3\x69\x2b\x29\x92\x7d\xcc\x10\x77"
	"\xd3\xf2\x86\x0c\x83\x6f\xad\xc6\x2b\xbc\x71\xf0\xa8\xed\x0c\x21"
	"\x04\x5d\x29\xb8\xb6\xc7\x6f\x1c\x1a\x99\x02\x2b\x06\xbd\x4a\x90"
	"\xef\x7a\xb8\x1b\xba\x3b\x15\xae\xb0\x85\x22\xa1\xd3\xce\x3d\xbf"
	"\x12\x33\x3b\xb9\x38\xcf\xf7\x9b\xc3\xae\x17\xbf\xef\x7e\x16\xa7"
	"\x2a\x1a\x37\xd6\x7f\x12\x0b\x48\x9f\x86\x89\x77\x3e\xf7\x40\xc7"
	"\x19\xcf\x71\x0c\xca\xc3\x4b\x0c\xc6\x0f\x15\x06\x3b\xf4\x00\x61"
	"\x01\xbf\x07\x20\xe1\x33\x78\x94\x35\xd5\x06\x9a\x70\xa5\xde\x1c"
	"\x9c\xba\xe5\x36\xa1\xb8\x4a\x98\x7f\x45\xcc\x1d\xc6\x19\x6d\x3a"
	"\x82\xe7\xd0\xd3\x24\xe9\x56\x36\xc4\x0a\xb3\xc0\x84\x52\xf6\xa4"
	"\x62\xa8\x51\x42\xa2\x7a\x7a\xd4\xb3\x8a\xe8\x5c\x00\x50\x8e\xd2"
	"\xf4\x33\x12\x79\xb1\xe1\xc9\x73\x46\xe3\x78\x34\x72\xc4\x8d\xd2"
	"\x2b\x24\x4f\xc1\x3c\xca\x56\xc1\xa7\xf5\xfe\x40\xdf\xd0\x0c\x02"
	"\x48\x23\x07\xc9\x4c\xa9\xbd\x4f\x4a\x82\xea\x2a\x85\xd6\x5e\xa6"
	"\x5c\xc3\x9a\x06\x8f\xf5\xf2\xdf\xbf\xe8\x41\xa0\xb7\x4e\xc4\x32"
	"\x8a\x18\x28\xf1\x94\x06\x70\xb6\x4c\x71\x64\x3a\xf7\xc2\x2b\x8d"
	"\x98\x7b\x26\xd9\xf3\xe8\xe6\x5b\x46\x19\x68\xa6\x02\x30\x14\x86"
	"\x18\x6c\x42\xbf\x23\xa4\x8f\x54\x7c\xad\x8d\xad\x6b\x6c\xa3\xe3"
	"\x54\xf8\xf2\x11\x80\x2d\x1d\xf1\x76\x27\xa0\x23\x4b\x59\x69\x66"
	"\x0e\xa1\x08\x54\x63\x98\x11\x39\x85\x70\xdf\x2f\x4a\x5a\x3e\xf7"
	"\x5e\x20\xdc\xd1\xf6\x75\x5f\x86\x36\x54\xc6\xd1\xe5\xe3\x5b\xe3"
	"\x51\x09\xa9\x22\x67\x7c\x2e\xae\xfa\x51\x6e\xfa\xcb\x5a\x78\x01"
	"\x3a\x33\xdd\x23\x13\xf0\xec\x79\xc6\x89\x3e\x08\x2e\x8d\x4b\x12"
	"\xfb\x84\x2f\xdb\xed\xb9\x9c\x3d\xa1\x6a\x29\x9c\xd1\x47\xf5\x38"
	"\x88\x10\x1b\x1a\x6b\xc7\xf2\x29\x25\x8e\x92\x06\x17\x30\xa4\x7c"
	"\x50\xa2\xbb\x65\x99\xaa\x19\x86\x36\xe1\xc6\x2a\xc1\x50\x47\x23"
	"\xc2\xe5\x6d\x53\xbe\x43\x86\x90\x52\x48\xf5\x19\x0e\x0c\xd6\xbe"
	"\x8e\x44\xaf\x43\x06\x81\x17\x3e\x76\x10\xc4\x2c\x89\xaf\x24\xd6"
	"\x57\x5c\xcf\x71\x45\xd3\x29\x2a\xd5\xb5\x79\x98\xc0\xe4\x05\x31"
	"\x2c\x91\xf2\xbd\xb2\x3a\x7b\xc3\xed\xcf\x53\x7e\xfa\xe8\x9d\x0e"
	"\xef\x97\xed\x5e\xbf\x5f\x78\x92\x9f\x31\xb9\x21\x04\xc3\x0c\x6a"
	"\x31\x6c\xa9\xe1\xd7\xad\xb9\x2b\xa3\x0f\x31\xe3\x31\x4d\x97\xd9"
	"\x98\x43\xe4\x31\x63\x13\xeb\x24\x21\x8b\x1d\x58\x48\x65\xdc\x4a"
	"\x99\x5d\xc7\x92\xa3\x01\x44\x97\x24\xa9\x8d\x0a\x92\x96\x55\x3c"
	"\xf8\xe5\xd2\x28\x7d\xa6\xd3\xd2\x26\x8f\xb3\xb1\x3e\x27\x54\xce"
	"\xa2\x3c\x18\x0d\xd0\xe0\xde\x9c\x12\x9a\x75\xdc\x57\x64\x93\xb3"
	"\x79\x66\x56\xd0\xbe\x19\xc1\x92\xec\x30\xf0\xbb\x12\x48\xae\xc8"
	"\xbc\xe5\x03\x52\xb4\xc4\xdc\x39\x16\x82\x22\x21\x7c\xe1\x62\x15"
	"\x25\x85\x17\xb8\x64\x3b\xea\xac\xf8\x2b\xa6\xf3\x0c\x3c\xfb\x4a"
	"\x48\x1f\xb4\x51\x07\xf5\xac\x6d\x59\x5d\x82\xd5\x94\x94\x4f\x53"
	"\x2e\x12\x0b\xdb\x98\x1c\xa8\x47\xbd\xee\xb1\x5c\xc9\xfe\x81\x80"
	"\x60\x4a\x90\x0a\x6a\xc9\x95\x52\xa0\xac\x03\xfb\x98\x50\x9f\x61"
	"\xf0\xbb\x0c\x87\x1a\xd4\x4d\x8c\xa6\x15\x20\xf0\xf0\x4d\x0a\x95"
	"\x79\xf4\x3b\xaa\x9f\xae\x6a\xcb\x26\x2b\x3d\x5e\xaa\x86\xf0\x24"
	"\x62\x88\x62\xc2\x55\x44\x1c\x88\x3b\x7b\xb7\x20\x2f\x4c\x9c\x81"
	"\x91\x72\x12\x26\x86\x3b\xb6\x0e\x85\x5a\xb5\xf9\x86\x07\x56\xc1"
	"\x60\x62\x31\x58\xf6\x18\xa5\x28\xdc\x8b\x50\xf0\x58\xe8\x31\x5e"
	"\x85\x48\x68\x40\x20\x79\xb3\x5c\x39\x9c\x2c\x75\xb6\x24\x80\x05"
	"\xb0\xa8\x0d\x02\x9b\xb1\xcc\x60\x0d\xea\x9d\x3a\x32\x74\x96\x62"
	"\x12\x76\x58\x14\x83\xf1\x4d\x9c\x24\x69\x3b\x06\x93\x41\x00\x8e"
	"\x0e\x8e\x20\x4d\x60\xd0\xc2\x8d\x2e\xf8\x3f\x74\x0e\x19\x26\x86"
	"\xfe\x09\xfe\xef\x5a\xd2\x71\x68\x46\xcc\xa2\xe1\x0a\x9c\xe3\x0c"
	"\x3e\x91\x70\xdf\xa1\xc6\xf0\x1d\xef\xe4\x60\x10\x97\xb6\x62\xc4"
	"\xd6\xc1\xb4\x03\xb9\x5f\xb4\x35\x1e\x78\x63\x5f\xcf\x57\x1d\xf8"
	"\x72\x41\x4c\xa4\x1c\xc1\xcd\x47\x59\x30\x0e\x0f\x51\xb3\x09\x01"
	"\xe1\x26\x93\xb0\xc5\x9b\x95\x1b\xc4\x24\x53\x6a\x3f\x4d\x4e\x2a"
	"\xcd\x67\xcc\x98\x85\xca\x72\x07\x1b\x24\x75\xa4\xc5\xc5\x65\xaa"
	"\x12\x89\xf5\x44\x3b\x1e\xa5\x3c\x46\xa6\x73\xb0\x45\xb2\x0d\x0a"
	"\x1b\x14\x83\x78\xd4\xb1\x0a\xad\xea\xa4\x11\x7e\x67\x15\x2a\x60"
	"\xb5\x1b\x0d\xf9\x74\x3b\xd0\x0b\x29\xeb\xc9\x6b\x5b\x00\xc7\x6b"
	"\x17\x1d\x05\xcb\x8e\xb9\x77\x95\xe7\x1a\xc2\x6b\x5c\xbf\xf5\x5b"
	"\xef\x98\xaf\x7f\xe5\xaf\x45\xfd\x58\xc4\x77\x72\x70\x7a\xc5\xbf"
	"\x97\x62\x7f\x36\x8d\x06\x78\x04\x5f\x0c\xa6\xcc\xda\x3e\x57\x30"
	"\x31\x05\x4e\xf6\x3f\xa4\x2e\x1e\xe9\x9d\x95\x02\x00"
MAGIC_END;
